s_m,x_center_m,y_center_m,heading_rad,curvature_1pm,x_left_m,y_left_m,x_right_m,y_right_m
0.0,0.0,0.0,1.5707963267948966,0.0,-4.0,2.4492935982947064e-16,4.0,-2.4492935982947064e-16
1.0,0.0,1.0,1.5707963267948966,0.0,-4.0,1.0000000000000002,4.0,0.9999999999999998
2.0,0.0,2.0,1.5707963267948966,0.0,-4.0,2.0000000000000004,4.0,1.9999999999999998
3.0,0.0,3.0,1.5707963267948966,0.0,-4.0,3.0000000000000004,4.0,2.9999999999999996
4.0,0.0,4.0,1.5707963267948966,0.0,-4.0,4.0,4.0,3.9999999999999996
5.0,0.0,5.0,1.5707963267948966,0.0,-4.0,5.0,4.0,5.0
6.0,0.0,6.0,1.5707963267948966,0.0,-4.0,6.0,4.0,6.0
7.0,0.0,7.0,1.5707963267948966,0.0,-4.0,7.0,4.0,7.0
8.0,0.0,8.0,1.5707963267948966,0.0,-4.0,8.0,4.0,8.0
9.0,0.0,9.0,1.5707963267948966,0.0,-4.0,9.0,4.0,9.0
10.0,0.0,10.0,1.5707963267948966,0.0,-4.0,10.0,4.0,10.0
11.0,0.0,11.0,1.5707963267948966,0.0,-4.0,11.0,4.0,11.0
12.0,0.0,12.0,1.5707963267948966,0.0,-4.0,12.0,4.0,12.0
13.0,0.0,13.0,1.5707963267948966,0.0,-4.0,13.0,4.0,13.0
14.0,0.0,14.0,1.5707963267948966,0.0,-4.0,14.0,4.0,14.0
15.0,0.0,15.0,1.5707963267948966,0.0,-4.0,15.0,4.0,15.0
16.0,0.0,16.0,1.5707963267948966,0.0,-4.0,16.0,4.0,16.0
17.0,0.0,17.0,1.5707963267948966,0.0,-4.0,17.0,4.0,17.0
18.0,0.0,18.0,1.5707963267948966,0.0,-4.0,18.0,4.0,18.0
19.0,0.0,19.0,1.5707963267948966,0.0,-4.0,19.0,4.0,19.0
20.0,0.0,20.0,1.5707963267948966,0.0,-4.0,20.0,4.0,20.0
21.0,0.0,21.000000000000004,1.5707963267948966,0.0,-4.0,21.000000000000004,4.0,21.000000000000004
22.0,0.0,22.0,1.5707963267948966,0.0,-4.0,22.0,4.0,22.0
23.0,0.0,23.0,1.5707963267948966,0.0,-4.0,23.0,4.0,23.0
24.0,0.0,24.0,1.5707963267948966,0.0,-4.0,24.0,4.0,24.0
25.0,0.0,25.0,1.5707963267948966,0.0,-4.0,25.0,4.0,25.0
26.0,0.0,26.0,1.5707963267948966,0.0,-4.0,26.0,4.0,26.0
27.0,0.0,27.0,1.5707963267948966,0.0,-4.0,27.0,4.0,27.0
28.0,0.0,28.0,1.5707963267948966,0.0,-4.0,28.0,4.0,28.0
29.0,0.0,29.0,1.5707963267948966,0.0,-4.0,29.0,4.0,29.0
30.0,0.0,30.0,1.5707963267948966,0.0,-4.0,30.0,4.0,30.0
31.0,0.0,31.0,1.5707963267948966,0.0,-4.0,31.0,4.0,31.0
32.0,0.0,32.0,1.5707963267948966,0.0,-4.0,32.0,4.0,32.0
33.0,0.0,33.0,1.5707963267948966,0.0,-4.0,33.0,4.0,33.0
34.0,0.0,34.0,1.5707963267948966,0.0,-4.0,34.0,4.0,34.0
35.0,0.0,35.0,1.5707963267948966,0.0,-4.0,35.0,4.0,35.0
36.0,0.0,36.0,1.5707963267948966,0.0,-4.0,36.0,4.0,36.0
37.0,0.0,37.0,1.5707963267948966,0.0,-4.0,37.0,4.0,37.0
38.0,0.0,38.0,1.5707963267948966,0.0,-4.0,38.0,4.0,38.0
39.0,0.0,39.0,1.5707963267948966,0.0,-4.0,39.0,4.0,39.0
40.0,0.0,40.0,1.5707963267948966,0.0,-4.0,40.0,4.0,40.0
41.0,0.0,41.0,1.5707963267948966,0.0,-4.0,41.0,4.0,41.0
42.0,0.0,42.00000000000001,1.5707963267948966,0.0,-4.0,42.00000000000001,4.0,42.00000000000001
43.0,0.0,43.0,1.5707963267948966,0.0,-4.0,43.0,4.0,43.0
44.0,0.0,44.0,1.5707963267948966,0.0,-4.0,44.0,4.0,44.0
45.0,0.0,45.0,1.5707963267948966,0.0,-4.0,45.0,4.0,45.0
46.0,0.0,46.0,1.5707963267948966,0.0,-4.0,46.0,4.0,46.0
47.0,0.0,47.0,1.5707963267948966,0.0,-4.0,47.0,4.0,47.0
48.0,0.0,48.0,1.5707963267948966,0.0,-4.0,48.0,4.0,48.0
49.0,0.0,49.0,1.5707963267948966,0.0,-4.0,49.0,4.0,49.0
50.0,0.0,50.0,1.5707963267948966,0.0,-4.0,50.0,4.0,50.0
51.0,0.0,51.00000000000001,1.5707963267948966,0.0,-4.0,51.00000000000001,4.0,51.00000000000001
52.0,0.0,52.0,1.5707963267948966,0.0,-4.0,52.0,4.0,52.0
53.0,0.0,53.0,1.5707963267948966,0.0,-4.0,53.0,4.0,53.0
54.0,0.0,54.0,1.5707963267948966,0.0,-4.0,54.0,4.0,54.0
55.0,0.0,54.99999999999999,1.5707963267948966,0.0,-4.0,54.99999999999999,4.0,54.99999999999999
56.0,0.0,56.0,1.5707963267948966,0.0,-4.0,56.0,4.0,56.0
57.0,0.0,57.0,1.5707963267948966,0.0,-4.0,57.0,4.0,57.0
58.0,0.0,58.0,1.5707963267948966,0.0,-4.0,58.0,4.0,58.0
59.0,0.0,59.0,1.5707963267948966,0.0,-4.0,59.0,4.0,59.0
60.0,0.0,60.0,1.5707963267948966,0.0,-4.0,60.0,4.0,60.0
61.0,0.0,61.0,1.5707963267948966,0.0,-4.0,61.0,4.0,61.0
62.0,0.0,62.0,1.5707963267948966,0.0,-4.0,62.0,4.0,62.0
63.0,0.0,63.0,1.5707963267948966,0.0,-4.0,63.0,4.0,63.0
64.0,0.0,64.0,1.5707963267948966,0.0,-4.0,64.0,4.0,64.0
65.0,0.0,65.0,1.5707963267948966,0.0,-4.0,65.0,4.0,65.0
66.0,0.0,66.0,1.5707963267948966,0.0,-4.0,66.0,4.0,66.0
67.0,0.0,67.0,1.5707963267948966,0.0,-4.0,67.0,4.0,67.0
68.0,0.0,68.0,1.5707963267948966,0.0,-4.0,68.0,4.0,68.0
69.0,0.0,69.0,1.5707963267948966,0.0,-4.0,69.0,4.0,69.0
70.0,0.0,70.0,1.5707963267948966,0.0,-4.0,70.0,4.0,70.0
71.0,0.0,71.0,1.5707963267948966,0.0,-4.0,71.0,4.0,71.0
72.0,0.0,72.0,1.5707963267948966,0.0,-4.0,72.0,4.0,72.0
73.0,0.0,73.0,1.5707963267948966,0.0,-4.0,73.0,4.0,73.0
74.0,0.0,74.0,1.5707963267948966,0.0,-4.0,74.0,4.0,74.0
75.0,0.0,75.0,1.5707963267948966,0.0,-4.0,75.0,4.0,75.0
76.0,0.0,76.0,1.5707963267948966,0.0,-4.0,76.0,4.0,76.0
77.0,0.0,77.0,1.5707963267948966,0.0,-4.0,77.0,4.0,77.0
78.0,0.0,78.0,1.5707963267948966,0.0,-4.0,78.0,4.0,78.0
79.0,0.0,78.99999999999999,1.5707963267948966,0.0,-4.0,78.99999999999999,4.0,78.99999999999999
80.0,0.0,80.0,1.5707963267948966,0.0,-4.0,80.0,4.0,80.0
81.0,0.0,81.0,1.5707963267948966,0.0,-4.0,81.0,4.0,81.0
82.0,0.0,82.0,1.5707963267948966,0.0,-4.0,82.0,4.0,82.0
83.0,0.0,83.0,1.5707963267948966,0.0,-4.0,83.0,4.0,83.0
84.0,0.0,84.00000000000001,1.5707963267948966,0.0,-4.0,84.00000000000001,4.0,84.00000000000001
85.0,0.0,85.0,1.5707963267948966,0.0,-4.0,85.0,4.0,85.0
86.0,0.0,86.0,1.5707963267948966,0.0,-4.0,86.0,4.0,86.0
87.0,0.0,87.0,1.5707963267948966,0.0,-4.0,87.0,4.0,87.0
88.0,0.0,88.0,1.5707963267948966,0.0,-4.0,88.0,4.0,88.0
89.0,0.0,89.0,1.5707963267948966,0.0,-4.0,89.0,4.0,89.0
90.0,0.0,90.0,1.5707963267948966,0.0,-4.0,90.0,4.0,90.0
91.0,0.0,91.0,1.5707963267948966,0.0,-4.0,91.0,4.0,91.0
92.0,0.0,92.0,1.5707963267948966,0.0,-4.0,92.0,4.0,92.0
93.0,0.0,93.0,1.5707963267948966,0.0,-4.0,93.0,4.0,93.0
94.0,0.0,94.0,1.5707963267948966,0.0,-4.0,94.0,4.0,94.0
95.0,0.0,95.0,1.5707963267948966,0.0,-4.0,95.0,4.0,95.0
96.0,0.0,96.0,1.5707963267948966,0.0,-4.0,96.0,4.0,96.0
97.0,0.0,96.99999999999999,1.5707963267948966,0.0,-4.0,96.99999999999999,4.0,96.99999999999999
98.0,0.0,98.0,1.5707963267948966,0.0,-4.0,98.0,4.0,98.0
99.0,0.0,99.0,1.5707963267948966,0.0,-4.0,99.0,4.0,99.0
100.0,0.0,100.0,1.5707963267948966,0.0,-4.0,100.0,4.0,100.0
101.0,0.0,101.0,1.5707963267948966,0.0,-4.0,101.0,4.0,101.0
102.0,0.0,102.00000000000001,1.5707963267948966,0.0,-4.0,102.00000000000001,4.0,102.00000000000001
103.0,0.0,103.0,1.5707963267948966,0.0,-4.0,103.0,4.0,103.0
104.0,0.0,104.0,1.5707963267948966,0.0,-4.0,104.0,4.0,104.0
105.0,0.0,105.0,1.5707963267948966,0.0,-4.0,105.0,4.0,105.0
106.0,0.0,106.0,1.5707963267948966,0.0,-4.0,106.0,4.0,106.0
107.0,0.0,107.0,1.5707963267948966,0.0,-4.0,107.0,4.0,107.0
108.0,0.0,108.0,1.5707963267948966,0.0,-4.0,108.0,4.0,108.0
109.0,0.0,109.0,1.5707963267948966,0.0,-4.0,109.0,4.0,109.0
110.0,0.0,109.99999999999999,1.5707963267948966,0.0,-4.0,109.99999999999999,4.0,109.99999999999999
111.0,0.0,111.0,1.5707963267948966,0.0,-4.0,111.0,4.0,111.0
112.0,0.0,112.0,1.5707963267948966,0.0,-4.0,112.0,4.0,112.0
113.0,0.0,113.0,1.5707963267948966,0.0,-4.0,113.0,4.0,113.0
114.0,0.0,114.0,1.5707963267948966,0.0,-4.0,114.0,4.0,114.0
115.0,0.0,115.00000000000001,1.5707963267948966,0.0,-4.0,115.00000000000001,4.0,115.00000000000001
116.0,0.0,116.0,1.5707963267948966,0.0,-4.0,116.0,4.0,116.0
117.0,0.0,117.0,1.5707963267948966,0.0,-4.0,117.0,4.0,117.0
118.0,0.0,118.0,1.5707963267948966,0.0,-4.0,118.0,4.0,118.0
119.0,0.0,119.0,1.5707963267948966,0.0,-4.0,119.0,4.0,119.0
120.0,0.0,120.0,1.5707963267948966,0.0,-4.0,120.0,4.0,120.0
121.0,0.0,121.0,1.5707963267948966,0.0,-4.0,121.0,4.0,121.0
122.0,0.0,122.0,1.5707963267948966,0.0,-4.0,122.0,4.0,122.0
123.0,0.0,122.99999999999999,1.5707963267948966,0.0,-4.0,122.99999999999999,4.0,122.99999999999999
124.0,0.0,124.0,1.5707963267948966,0.0,-4.0,124.0,4.0,124.0
125.0,0.0,125.0,1.5707963267948966,0.0,-4.0,125.0,4.0,125.0
126.0,0.0,126.0,1.5707963267948966,0.0,-4.0,126.0,4.0,126.0
127.0,0.0,127.0,1.5707963267948966,0.0,-4.0,127.0,4.0,127.0
128.0,0.0,128.0,1.5707963267948966,0.0,-4.0,128.0,4.0,128.0
129.0,0.0,129.0,1.5707963267948966,0.0,-4.0,129.0,4.0,129.0
130.0,0.0,130.0,1.5707963267948966,0.0,-4.0,130.0,4.0,130.0
131.0,0.0,131.0,1.5707963267948966,0.0,-4.0,131.0,4.0,131.0
132.0,0.0,132.0,1.5707963267948966,0.0,-4.0,132.0,4.0,132.0
133.0,0.0,133.0,1.5707963267948966,0.0,-4.0,133.0,4.0,133.0
134.0,0.0,134.0,1.5707963267948966,0.0,-4.0,134.0,4.0,134.0
135.0,0.0,135.0,1.5707963267948966,0.0,-4.0,135.0,4.0,135.0
136.0,0.0,136.0,1.5707963267948966,0.0,-4.0,136.0,4.0,136.0
137.0,0.0,137.0,1.5707963267948966,0.0,-4.0,137.0,4.0,137.0
138.0,0.0,138.0,1.5707963267948966,0.0,-4.0,138.0,4.0,138.0
139.0,0.0,139.0,1.5707963267948966,0.0,-4.0,139.0,4.0,139.0
140.0,0.0,140.0,1.5707963267948966,0.0,-4.0,140.0,4.0,140.0
141.0,0.0,141.0,1.5707963267948966,0.0,-4.0,141.0,4.0,141.0
142.0,0.0,142.0,1.5707963267948966,0.0,-4.0,142.0,4.0,142.0
143.0,0.0,143.0,1.5707963267948966,0.0,-4.0,143.0,4.0,143.0
144.0,0.0,144.0,1.5707963267948966,0.0,-4.0,144.0,4.0,144.0
145.0,0.0,145.0,1.5707963267948966,0.0,-4.0,145.0,4.0,145.0
146.0,0.0,146.0,1.5707963267948966,0.0,-4.0,146.0,4.0,146.0
147.0,0.0,147.0,1.5707963267948966,0.0,-4.0,147.0,4.0,147.0
148.0,0.0,148.0,1.5707963267948966,0.0,-4.0,148.0,4.0,148.0
149.0,0.0,149.0,1.5707963267948966,0.0,-4.0,149.0,4.0,149.0
150.0,0.010013228166073418,150.9999331989552,1.550782764394865,-0.02,-3.9891857132127626,151.07998210447175,4.009212169544909,150.91988429343866
151.0,0.04002178451477789,151.99946616672415,1.530782764394865,-0.02,-3.956776472356162,152.1594777096622,4.036820041385718,151.83945462378608
152.0,0.09001366602367256,152.9981991034466,1.510782764394865,-0.02,-3.9027852403265553,153.23810928132247,4.0828125723739,152.75828892557075
153.0,0.15996887660671177,153.99573252926422,1.490782764394865,-0.02,-3.827233612896873,154.31544538120548,4.147171366110296,153.67601967732296
154.0,0.24985943511238418,154.99166744410687,1.470782764394865,-0.02,-3.730151809710747,155.39105508923555,4.229870679935516,154.59227979897818
155.0,0.35964938651580525,155.98560548728761,1.450782764394865,-0.02,-3.6115786621950523,156.46450817587075,4.330877435226663,155.50670279870448
156.0,0.4892948163002657,156.9771490968415,1.430782764394865,-0.02,-3.471561598027835,157.53537527418894,4.450151230628366,156.41892291949404
157.0,0.6387438680224307,157.96590166854506,1.410782764394865,-0.02,-3.3101566221678973,158.60322805162878,4.587644358212758,157.32857528546134
158.0,0.807936764054233,158.95146771455288,1.390782764394865,-0.02,-3.12742829445355,159.66763938131723,4.743301822562016,158.23529604778852
159.0,0.9968058294931623,159.9334530215872,1.370782764394865,-0.02,-2.9234497037795073,160.7281835129143,4.917061362765832,159.1387225302601
160.0,1.205275519231229,160.91146480861823,1.3507827643948649,-0.02,-2.698302438862395,161.78443624290782,5.108853477324853,160.03849337432865
161.0,1.4332624481721155,161.88511188397112,1.3307827643948649,-0.02,-2.4520765556062374,162.83597508428895,5.318601451950468,160.9342486836533
162.0,1.6806754245840239,162.8540048017975,1.3107827643948653,-0.02,-2.1848705410813762,163.88237943554142,5.546221390249424,161.82563016805355
163.0,1.9474154865751956,163.81775601784864,1.2907827643948648,-0.02,-1.8967912741309108,164.92323074887665,5.7916222472813015,162.71228128682063
164.0,2.233375941677309,164.77598004448797,1.2707827643948653,-0.02,-1.5879539826206286,165.95811269764712,6.054705865975247,163.5938473913288
165.0,2.538442409521082,165.72829360488097,1.2507827643948652,-0.02,-1.2584821973493536,166.98661134287158,6.335367016391517,164.46997586689037
166.0,2.86249286758688,166.67431578630087,1.2307827643948652,-0.02,-0.9085077026382913,168.00831529880506,6.633493437812051,165.34031627379667
167.0,3.2053977000120852,167.61366819248855,1.2107827643948652,-0.02,-0.5381704836190697,169.02281589748776,6.94896588364324,166.20452048748933
168.0,3.567019749435744,168.545975095006,1.1907827643948652,-0.02,-0.14761867024151876,170.02970735220663,7.2816581691130065,167.0622428378054
169.0,3.94721437185963,169.4708635835229,1.1707827643948652,-0.02,0.2629915219762786,171.02858691980487,7.631437221742981,167.91314024724096
170.0,4.345829494503981,170.38796371497548,1.1507827643948652,-0.02,0.6934958544321779,172.01905506177366,7.998163134575784,168.7568723681773
171.0,4.762705676634539,171.29690866153902,1.1307827643948651,-0.02,1.1437221311331802,173.00071560406226,8.381689222135897,169.59310171901578
172.0,5.197676173336717,172.19733485735395,1.1107827643948651,-0.02,1.6134902675715321,173.9731758955424,8.781862079101902,170.4214938191655
173.0,5.650567002211368,173.08888214394753,1.090782764394865,-0.02,2.102612362756155,174.93604696506347,9.19852164166658,171.2417173228316
174.0,6.1211970129654105,173.9711939142922,1.070782764394865,-0.02,2.6108927743705213,175.8889436770357,9.6315012515603,172.0534441515487
175.0,6.609377959869519,174.84391725544387,1.050782764394865,-0.02,3.1381281970269583,176.8314848854795,10.08062772271208,172.85634962540823
176.0,7.1149145770539235,175.7067030897022,1.030782764394865,-0.02,3.6841077435861154,177.76329358647848,10.545721410521733,173.6501125929259
177.0,7.6376046566121545,176.55920631423717,1.010782764394865,-0.02,4.248613029509005,178.68399706897628,11.026596283715303,174.43441555949806
178.0,8.177239129481492,177.4010859391255,0.990782764394865,-0.02,4.83141826020789,179.59322706385566,11.523059998755095,175.20894481439532
179.0,8.733602149067828,178.2320052237422,0.970782764394865,-0.02,5.4322903213611315,180.4906198912417,12.034913976774524,175.9733905562427
180.0,9.306471177581393,179.05163181145213,0.950782764394865,-0.02,6.0509888721557825,181.37581660596842,12.561953483007004,176.72744701693583
181.0,9.895617075048932,179.85963786254845,0.930782764394865,-0.02,6.687266441420725,182.24846314115246,13.10396770867714,177.47081258394445
182.0,10.50080419096664,180.65570018538398,0.9107827643948649,-0.02,7.34086852661185,183.10821044981483,13.660739855321431,178.20318992095312
183.0,11.1217904585572,181.43950036564362,0.8907827643948649,-0.02,8.011533695609653,183.95471464449525,14.232047221504747,178.924286086792
184.0,11.758327491593285,182.21072489370582,0.8707827643948649,-0.02,8.698993691288624,184.7876371348024,14.817661291897945,179.63381265260924
185.0,12.410160683748707,182.96906529004212,0.8507827643948653,-0.02,9.402973538816482,185.60664476284563,15.417347828680931,180.33148581723862
186.0,13.077029310437645,183.7142182286052,0.8307827643948649,-0.02,10.123191655640534,186.41140993649375,16.030866965234754,181.01702652071666
187.0,13.758666633100823,184.44588565815474,0.8107827643948653,-0.02,10.859359964116766,187.20161076040725,16.65797330208488,181.69016055590222
188.0,14.454800005897624,185.16377492147444,0.7907827643948648,-0.02,11.61118400673731,187.97693116479252,17.298416005057938,182.35061867815637
189.0,15.359123760773429,186.05499565813648,0.7654077535275126,-0.02,12.587799412035178,188.9393953104195,18.13044810951168,183.17059600585344
190.0,16.08710368140934,186.74056979873836,0.7454077535275125,-0.02,13.37401772632196,189.67981538226957,18.800189636496718,183.80132421520716
191.0,16.828648579645723,187.41144820129034,0.7254077535275125,-0.02,14.174886216417255,190.4043640570257,19.48241094287419,184.41853234555498
192.0,17.583461847410412,188.06736252337632,0.7054077535275125,-0.02,14.99008454560312,191.11275152487855,20.176839149217706,185.0219735218741
193.0,18.351241569460356,188.70805040801284,0.6854077535275125,-0.02,15.819286645417058,191.804694440286,20.883196493503654,185.61140637573968
194.0,19.131680644143653,189.33325558858846,0.6654077535275125,-0.02,16.66216084607502,192.47991603530767,21.601200442212285,186.18659514186925
195.0,19.92446690623615,189.9427279913669,0.6454077535275125,-0.02,17.51837000913492,193.13814623030837,22.330563803337384,186.74730975242542
196.0,20.729283251803352,190.53622383551323,0.6254077535275124,-0.02,18.387571662347494,193.77912174198642,23.07099484125921,187.29332592904004
197.0,21.545807765037775,191.11350573060298,0.6054077535275124,-0.02,19.26941813664067,194.40258618868333,23.82219739343488,187.82442527252263
198.0,22.373713847020962,191.67434277157508,0.5854077535275124,-0.02,20.163556705182515,195.0082901929332,24.58387098885941,188.34039535021697
199.0,23.212670346358735,192.21851063109088,0.5654077535275124,-0.02,21.06962972446731,195.59599148121026,25.35571096825016,188.8410297809715
200.0,24.06234169163729,192.74579164926206,0.5454077535275124,-0.02,21.987274777368146,196.16545498083514,26.137408605906433,189.32612831768898
201.0,24.922388025647294,193.25597492071165,0.5254077535275128,-0.02,22.91612481809895,196.7164529140007,26.928651233195637,189.7954969274226
202.0,25.79246534132234,193.74885637893348,0.5054077535275123,-0.02,23.855808319028004,197.2487648888803,27.72912236361668,190.24894786898668
203.0,26.67222561933695,194.22423887791587,0.48540775352751275,-0.02,24.805949419283778,197.76217798778126,28.53850181939012,190.68629976805047
204.0,27.561316967309956,194.68193227099755,0.46540775352751274,-0.02,25.766168075094626,198.25648685230948,29.356465859525287,191.10737768968562
205.0,28.459383760556552,195.12175348692386,0.4454077535275127,-0.02,26.73608021180095,198.7314937655099,30.182687309312154,191.51201320833783
206.0,29.366066784333494,195.5435266030726,0.4254077535275127,-0.02,27.715297877480047,199.1870087309505,31.01683569118694,191.90004447519468
207.0,30.28100337752022,195.94708291582086,0.4054077535275127,-0.02,28.703429398121713,199.62284954871865,31.85857735691873,192.27131628292307
208.0,31.203827577678446,196.33226100802426,0.38540775352751266,-0.02,29.700079534292595,200.03884188829832,32.707575621064294,192.6256801277502
209.0,32.13417026743227,196.69890681358152,0.36540775352751265,-0.02,30.704849639226723,200.43481935830016,33.56349089563781,192.96299426886287
210.0,33.07165932211019,197.04687367905893,0.34540775352751263,-0.02,31.71733781827888,200.81062357301576,34.4259808259415,193.2831237851021
211.0,34.01591975859004,197.3760224223499,0.3254077535275126,-0.02,32.737139089677115,201.16610421577002,35.29470042750296,193.5859406289298
212.0,34.96657388528717,197.68622138834561,0.3054077535275126,-0.02,33.76384554651002,201.50111909904538,36.16930222406432,193.87132367764585
213.0,35.92324145322614,197.97734650159566,0.2854077535275126,-0.02,34.797046519884105,201.81553422135545,37.049436386568175,194.13915878183587
214.0,36.88553980813517,198.24928131593632,0.26540775352751256,-0.02,35.83632874318586,202.10922382084334,37.93475087308448,194.3893388110293
215.0,37.85308404350276,198.50191706106762,0.24540775352751254,-0.02,36.88127651738286,202.38207042558514,38.824891569622665,194.6217636965501
216.0,38.825487154535196,198.73515268605993,0.22540775352751252,-0.02,37.93147187729789,202.63396490057684,39.719502431772504,194.83634047154302
217.0,39.80236019295326,198.94889489977305,0.2054077535275125,-0.02,38.98649475878939,202.86480649138701,40.61822562711713,195.0329833081591
218.0,40.783312422566375,199.1430582081713,0.1854077535275125,-0.02,40.04592316677156,203.07450286445714,41.52070167836119,195.21161355188548
219.0,41.7679514755619,199.3175649485202,0.16540775352751247,-0.02,41.10933334400673,203.26297014403391,42.426569607117074,195.37215975300646
220.0,42.755883509446974,199.47234532045024,0.14540775352751245,-0.02,42.176299940602604,203.43013294571838,43.335467078291344,195.5145576951821
221.0,43.746713364580295,199.60733741387645,0.12540775352751243,-0.02,43.24639618414659,203.5759244066187,44.247030545014,195.6387504211342
222.0,44.7400447222307,199.72248723376129,0.10540775352751242,-0.02,44.31919405040903,203.7002862120943,45.16089539405237,195.74468825542826
223.0,45.73548026309936,199.81774872171212,0.08540775352751262,-0.02,45.39426443454718,203.80316861908122,46.07669609165154,195.83232882434302
224.0,46.732621826242244,199.89308377440392,0.0654077535275126,-0.02,46.4711773227415,203.88453047598836,46.99406632974299,195.90163707281948
225.0,47.73107056832913,199.94846225882,0.045407753527512584,-0.02,47.549501964195336,203.94433923915773,47.912639172462924,195.95258527848227
226.0,48.73042712317566,199.98386202430504,0.025407753527512567,-0.02,48.62880704342959,203.98257098588155,48.83204720292173,195.98515306272853
227.0,49.73029176148446,199.9992689114248,0.005407753527512549,-0.02,49.70866085280309,203.9992104239709,49.751922670165825,195.99932739887868
228.0,51.0,200.0,0.0,0.0,51.0,204.0,51.0,196.0
229.0,52.0,200.0,0.0,0.0,52.0,204.0,52.0,196.0
230.0,53.0,200.0,0.0,0.0,53.0,204.0,53.0,196.0
231.0,54.0,200.0,0.0,0.0,54.0,204.0,54.0,196.0
232.0,55.0,200.0,0.0,0.0,55.0,204.0,55.0,196.0
233.0,56.0,200.0,0.0,0.0,56.0,204.0,56.0,196.0
234.0,57.0,200.0,0.0,0.0,57.0,204.0,57.0,196.0
235.0,58.0,200.0,0.0,0.0,58.0,204.0,58.0,196.0
236.0,59.0,200.0,0.0,0.0,59.0,204.0,59.0,196.0
237.0,60.0,200.0,0.0,0.0,60.0,204.0,60.0,196.0
238.0,61.0,200.0,0.0,0.0,61.0,204.0,61.0,196.0
239.0,62.0,200.0,0.0,0.0,62.0,204.0,62.0,196.0
240.0,63.0,200.0,0.0,0.0,63.0,204.0,63.0,196.0
241.0,64.0,200.0,0.0,0.0,64.0,204.0,64.0,196.0
242.0,65.0,200.0,0.0,0.0,65.0,204.0,65.0,196.0
243.0,66.0,200.0,0.0,0.0,66.0,204.0,66.0,196.0
244.0,67.0,200.0,0.0,0.0,67.0,204.0,67.0,196.0
245.0,68.0,200.0,0.0,0.0,68.0,204.0,68.0,196.0
246.0,69.0,200.0,0.0,0.0,69.0,204.0,69.0,196.0
247.0,70.0,200.0,0.0,0.0,70.0,204.0,70.0,196.0
248.0,71.0,200.0,0.0,0.0,71.0,204.0,71.0,196.0
249.0,72.0,200.0,0.0,0.0,72.0,204.0,72.0,196.0
250.0,73.0,200.0,0.0,0.0,73.0,204.0,73.0,196.0
251.0,74.0,200.0,0.0,0.0,74.0,204.0,74.0,196.0
252.0,75.0,200.0,0.0,0.0,75.0,204.0,75.0,196.0
253.0,76.0,200.0,0.0,0.0,76.0,204.0,76.0,196.0
254.0,77.0,200.0,0.0,0.0,77.0,204.0,77.0,196.0
255.0,78.0,200.0,0.0,0.0,78.0,204.0,78.0,196.0
256.0,79.0,200.0,0.0,0.0,79.0,204.0,79.0,196.0
257.0,80.0,200.0,0.0,0.0,80.0,204.0,80.0,196.0
258.0,81.0,200.0,0.0,0.0,81.0,204.0,81.0,196.0
259.0,82.0,200.0,0.0,0.0,82.0,204.0,82.0,196.0
260.0,83.0,200.0,0.0,0.0,83.0,204.0,83.0,196.0
261.0,84.0,200.0,0.0,0.0,84.0,204.0,84.0,196.0
262.0,85.0,200.0,0.0,0.0,85.0,204.0,85.0,196.0
263.0,86.0,200.0,0.0,0.0,86.0,204.0,86.0,196.0
264.0,87.0,200.0,0.0,0.0,87.0,204.0,87.0,196.0
265.0,88.0,200.0,0.0,0.0,88.0,204.0,88.0,196.0
266.0,89.0,200.0,0.0,0.0,89.0,204.0,89.0,196.0
267.0,90.0,200.0,0.0,0.0,90.0,204.0,90.0,196.0
268.0,91.0,200.0,0.0,0.0,91.0,204.0,91.0,196.0
269.0,92.0,200.0,0.0,0.0,92.0,204.0,92.0,196.0
270.0,93.0,200.0,0.0,0.0,93.0,204.0,93.0,196.0
271.0,94.0,200.0,0.0,0.0,94.0,204.0,94.0,196.0
272.0,95.0,200.0,0.0,0.0,95.0,204.0,95.0,196.0
273.0,96.0,200.0,0.0,0.0,96.0,204.0,96.0,196.0
274.0,97.0,200.0,0.0,0.0,97.0,204.0,97.0,196.0
275.0,98.0,200.0,0.0,0.0,98.0,204.0,98.0,196.0
276.0,99.0,200.0,0.0,0.0,99.0,204.0,99.0,196.0
277.0,100.0,200.0,0.0,0.0,100.0,204.0,100.0,196.0
278.0,101.0,200.0,0.0,0.0,101.0,204.0,101.0,196.0
279.0,102.0,200.0,0.0,0.0,102.0,204.0,102.0,196.0
280.0,103.0,200.0,0.0,0.0,103.0,204.0,103.0,196.0
281.0,104.0,200.0,0.0,0.0,104.0,204.0,104.0,196.0
282.0,105.0,200.0,0.0,0.0,105.0,204.0,105.0,196.0
283.0,106.0,200.0,0.0,0.0,106.0,204.0,106.0,196.0
284.0,107.0,200.0,0.0,0.0,107.0,204.0,107.0,196.0
285.0,108.0,200.0,0.0,0.0,108.0,204.0,108.0,196.0
286.0,109.0,200.0,0.0,0.0,109.0,204.0,109.0,196.0
287.0,110.0,200.0,0.0,0.0,110.0,204.0,110.0,196.0
288.0,111.0,200.0,0.0,0.0,111.0,204.0,111.0,196.0
289.0,112.0,200.0,0.0,0.0,112.0,204.0,112.0,196.0
290.0,113.0,200.0,0.0,0.0,113.0,204.0,113.0,196.0
291.0,114.0,200.0,0.0,0.0,114.0,204.0,114.0,196.0
292.0,115.0,200.0,0.0,0.0,115.0,204.0,115.0,196.0
293.0,116.0,200.0,0.0,0.0,116.0,204.0,116.0,196.0
294.0,117.0,200.0,0.0,0.0,117.0,204.0,117.0,196.0
295.0,118.0,200.0,0.0,0.0,118.0,204.0,118.0,196.0
296.0,119.0,200.0,0.0,0.0,119.0,204.0,119.0,196.0
297.0,120.0,200.0,0.0,0.0,120.0,204.0,120.0,196.0
298.0,121.0,200.0,0.0,0.0,121.0,204.0,121.0,196.0
299.0,122.0,200.0,0.0,0.0,122.0,204.0,122.0,196.0
300.0,123.0,200.0,0.0,0.0,123.0,204.0,123.0,196.0
301.0,124.0,200.0,0.0,0.0,124.0,204.0,124.0,196.0
302.0,125.0,200.0,0.0,0.0,125.0,204.0,125.0,196.0
303.0,126.0,200.0,0.0,0.0,126.0,204.0,126.0,196.0
304.0,127.0,200.0,0.0,0.0,127.0,204.0,127.0,196.0
305.0,128.0,200.0,0.0,0.0,128.0,204.0,128.0,196.0
306.0,129.0,200.0,0.0,0.0,129.0,204.0,129.0,196.0
307.0,130.0,200.0,0.0,0.0,130.0,204.0,130.0,196.0
308.0,131.0,200.0,0.0,0.0,131.0,204.0,131.0,196.0
309.0,132.0,200.0,0.0,0.0,132.0,204.0,132.0,196.0
310.0,133.0,200.0,0.0,0.0,133.0,204.0,133.0,196.0
311.0,134.0,200.0,0.0,0.0,134.0,204.0,134.0,196.0
312.0,135.0,200.0,0.0,0.0,135.0,204.0,135.0,196.0
313.0,136.0,200.0,0.0,0.0,136.0,204.0,136.0,196.0
314.0,137.0,200.0,0.0,0.0,137.0,204.0,137.0,196.0
315.0,138.0,200.0,0.0,0.0,138.0,204.0,138.0,196.0
316.0,139.0,200.0,0.0,0.0,139.0,204.0,139.0,196.0
317.0,140.0,200.0,0.0,0.0,140.0,204.0,140.0,196.0
318.0,141.0,200.0,0.0,0.0,141.0,204.0,141.0,196.0
319.0,142.0,200.0,0.0,0.0,142.0,204.0,142.0,196.0
320.0,143.0,200.0,0.0,0.0,143.0,204.0,143.0,196.0
321.0,144.0,200.0,0.0,0.0,144.0,204.0,144.0,196.0
322.0,145.0,200.0,0.0,0.0,145.0,204.0,145.0,196.0
323.0,146.0,200.0,0.0,0.0,146.0,204.0,146.0,196.0
324.0,147.0,200.0,0.0,0.0,147.0,204.0,147.0,196.0
325.0,148.0,200.0,0.0,0.0,148.0,204.0,148.0,196.0
326.0,149.0,200.0,0.0,0.0,149.0,204.0,149.0,196.0
327.0,150.99958304633228,199.9749916511519,-0.05001356240003263,-0.05,151.19955390519885,203.9699899810144,150.7996121874657,195.97999332128938
328.0,151.99666697764275,199.90005622595504,-0.10001356240003267,-0.05,152.39605462277143,203.88006747077816,151.59727933251406,195.92004498113192
329.0,152.98875960337446,199.77538102394686,-0.1500135624000325,-0.05,153.58656577364948,203.73045722836835,152.39095343309944,195.82030481952538
330.0,153.9733812086349,199.60127766820273,-0.20001356240003254,-0.05,154.768111699962,203.5215332014754,153.1786507173078,195.68102213493006
331.0,154.94807075219194,199.3781813264408,-0.2500135624000326,-0.05,155.93773915223045,203.25381759136107,153.95840235215343,195.50254506152052
332.0,155.9103920177952,199.10664962332908,-0.30001356240003263,-0.05,157.09252467095436,202.92797954762702,154.72825936463605,195.28531969903113
333.0,156.85793970344787,198.7873612467144,-0.35001356240003245,-0.05,158.22958189373756,202.5448334956894,155.48629751315818,195.0298889977394
334.0,157.78834543340918,198.42111425125614,-0.4000135624000327,-0.05,159.34606876969113,202.1053371011395,156.23062209712722,194.7368914013728
335.0,158.6992836779001,198.0088240637052,-0.45001356240003254,-0.05,160.43919466308026,201.61058887607834,156.95937269271994,194.40705925133204
336.0,159.5884775657169,197.55152119481383,-0.5000135624000326,-0.05,161.5062273284604,201.06182543340873,157.67072780297337,194.04121695621893
337.0,160.4537045752232,197.05034866359557,-0.5500135624000326,-0.05,162.54449973986797,200.46041839594682,158.36290941057845,193.64027893124432
338.0,161.2928020894969,196.50655914037287,-0.6000135624000326,-0.05,163.5514167569964,199.80787096807956,159.0341874219974,193.2052473126662
339.0,162.1036728017457,195.92151181575363,-0.6500135624000326,-0.05,164.52446161169496,199.1058141785365,159.68288399179642,192.73720945297077
340.0,162.8842899574823,195.2966690033627,-0.7000135624000325,-0.05,165.4612021985789,198.35600280366737,160.30737771638573,192.23733520305802
341.0,163.63270242035503,194.63359248481913,-0.7500135624000326,-0.05,166.35929715402617,197.56031098141509,160.9061076866839,191.70687398822318
342.0,164.83114515108358,193.41752043178224,-0.8353885732673837,-0.05,167.79737418093242,196.1010787677388,161.86491612123473,190.73396209582566
343.0,165.48322016320515,192.65950337221585,-0.8853885732673836,-0.05,168.57986419547828,195.19145829625916,162.386576130932,190.12754844817255
344.0,166.09659518842847,191.8698434691821,-0.9353885732673837,-0.05,169.31591422574627,194.24386641261864,162.87727615111066,189.49582052574553
345.0,166.66973710863002,191.0505144611916,-0.9853885732673837,-0.05,170.00368452998813,193.26067160303003,163.3357896872719,188.84035731935316
346.0,167.20121336749588,190.2035642440661,-1.0353885732673835,-0.05,170.6414560406272,192.24433134247943,163.76097069436457,188.16279714565275
347.0,167.68969555116635,189.3311097522652,-1.0853885732673836,-0.05,171.22763466103174,191.19738595231837,164.15175644130096,187.46483355221204
348.0,168.13396270857885,188.43533166765295,-1.1353885732673836,-0.05,171.76075524992675,190.12245225078365,164.50717016723095,186.74821108452224
349.0,168.5329044032097,187.5184689689286,-1.1853885732673837,-0.05,172.23948528348376,189.02221701231446,164.82632352293564,186.01472092554275
350.0,168.88552348858715,186.58281333534617,-1.2353885732673837,-0.05,172.6626281859367,187.89943025201555,165.1084187912376,185.2661964186768
351.0,169.19093860063828,185.63070341870954,-1.2853885732673835,-0.05,173.02912632039806,186.7568983520516,165.3527508808785,184.5045084853675
352.0,169.44838636063997,184.66451899796104,-1.3353885732673838,-0.05,173.3380636324001,185.59747704715338,165.55870908887985,183.7315609487687
353.0,169.65722328326854,183.68667503097345,-1.3853885732673836,-0.05,173.58866793955437,184.42406428676827,165.7257786269827,182.94928577517862
354.0,169.81692738497748,182.6996156184129,-1.4353885732673837,-0.05,173.7803128616051,183.23959299169562,165.85354190834985,182.1596382451302
355.0,169.92709948868486,181.70580789476026,-1.4853885732673837,-0.05,173.91251938605396,182.04702372331244,165.94167959131576,181.36459206620808
356.0,169.9874642215079,180.70773586175952,-1.5353885732673835,-0.05,173.98495706544162,180.84933728371155,165.9899713775742,180.56613443980748
357.0,170.0250083488481,179.00041695366775,-1.5207827643948644,0.05,174.02000667871062,179.20038781253433,166.0300100189856,178.80044609480117
358.0,170.09994377404496,178.00333302235725,-1.470782764394864,0.05,174.07995501886808,178.40272066748594,166.11993252922184,177.60394537722857
359.0,170.22461897605314,177.01124039662557,-1.4207827643948643,0.05,174.17969518047462,177.6090465669006,166.26954277163165,176.41343422635055
360.0,170.39872233179727,176.0266187913651,-1.370782764394864,0.05,174.31897786506994,176.8213492826922,166.4784667985246,175.231888300038
361.0,170.6218186735592,175.05192924780806,-1.3207827643948642,0.05,174.49745493847948,176.04159764784657,166.74618240863893,174.06226084776955
362.0,170.89335037667092,174.08960798220483,-1.2707827643948644,0.05,174.71468030096887,175.27174063536398,167.07202045237298,172.90747532904567
363.0,171.2126387532856,173.14206029655213,-1.220782764394864,0.05,174.9701110022606,174.51370248684182,167.4551665043106,171.77041810626244
364.0,171.57888574874386,172.21165456659082,-1.1707827643948643,0.05,175.2631085986272,173.76937790287278,167.8946628988605,170.65393123030887
365.0,171.9911759362948,171.3007163220999,-1.120782764394864,0.05,175.59294074866796,173.04062730728006,168.38941112392166,169.56080533691974
366.0,172.44847880518617,170.4115224342831,-1.0707827643948642,0.05,175.95878304378107,172.32927219702663,168.93817456659127,168.4937726715396
367.0,172.94965133640443,169.5462954247768,-1.0207827643948644,0.05,176.35972106875568,171.63709058942155,169.53958160405318,167.45550026013203
368.0,173.49344085962713,168.70719791050314,-0.9707827643948641,0.05,176.7947526873338,170.96581257800264,170.19212903192044,166.44858324300364
369.0,174.07848818424637,167.8963271982543,-0.9207827643948643,0.05,177.26279054702923,170.31711600820358,170.8941858214635,165.47553838830504
370.0,174.7033309966373,167.1157100425177,-0.870782764394864,0.05,177.76266479694198,169.69262228361427,171.64399719633263,164.5387978014211
371.0,175.36640751518087,166.367297579645,-0.8207827643948642,0.05,178.29312601177682,169.09389231331613,172.43968901858491,163.64070284597386
372.0,176.58247956821776,165.16885484891642,-0.7354077535275132,0.05,179.26603790417434,168.13508387876527,173.8989212322612,162.20262581906758
373.0,177.34049662778415,164.51677983679485,-0.6854077535275129,0.05,179.87245155182745,167.61342386906801,174.80854170374084,161.4201358045217
374.0,178.1301565308179,163.90340481157153,-0.6354077535275131,0.05,180.50417947425447,167.12272384888934,175.75613358738136,160.68408577425373
375.0,178.9494855388084,163.33026289136998,-0.5854077535275128,0.05,181.15964268064684,166.6642103127281,176.73932839696997,159.99631547001187
376.0,179.7964357559339,162.79878663250412,-0.535407753527513,0.05,181.83720285434725,166.23902930563543,177.75566865752057,159.3585439593728
377.0,180.6688902477348,162.31030444883368,-0.4854077535275132,0.05,182.53516644778796,165.84824355869907,178.80261404768163,158.77236533896829
378.0,181.56466833234705,161.86603729142115,-0.43540775352751293,0.05,183.25178891547776,165.49282983276905,179.87754774921635,158.23924475007325
379.0,182.4815310310714,161.4670955967903,-0.3854077535275131,0.05,183.98527907445725,165.17367647706436,180.97778298768554,157.76051471651624
380.0,183.41718666465383,161.11447651141285,-0.33540775352751306,0.05,184.7338035813232,164.8915812087624,182.10056974798445,157.3373718140633
381.0,184.36929658129046,160.80906139936172,-0.285407753527513,0.05,185.4954915146325,164.6472491191215,183.2431016479484,156.97087367960194
382.0,185.33548100203896,160.55161363936003,-0.23540775352751298,0.05,186.2684390512313,164.44129091112015,184.40252295284662,156.6619363675999
383.0,186.31332496902655,160.34277671673146,-0.18540775352751293,0.05,187.05071422482138,164.2742213730173,185.57593571323173,156.41133206044563
384.0,187.3003843815871,160.18307261502252,-0.1354077535275131,0.05,187.8403617548698,164.14645809165015,186.76040700830438,156.2196871383949
385.0,188.29419210523974,160.07290051131514,-0.08540775352751306,0.05,188.63540793379192,164.05832040868424,187.95297627668756,156.08748061394604
386.0,189.29226413824048,160.0125357784921,-0.03540775352751302,0.05,189.43386556019252,164.0100286224258,189.15066271628845,156.01504293455838
387.0,190.99958304633228,159.9749916511519,-0.05001356240003263,-0.05,191.19955390519885,163.9699899810144,190.7996121874657,155.97999332128938
388.0,191.99666697764275,159.90005622595504,-0.10001356240003267,-0.05,192.39605462277143,163.88006747077816,191.59727933251406,155.92004498113192
389.0,192.98875960337446,159.77538102394686,-0.1500135624000325,-0.05,193.58656577364948,163.73045722836835,192.39095343309944,155.82030481952538
390.0,193.9733812086349,159.60127766820273,-0.20001356240003254,-0.05,194.768111699962,163.5215332014754,193.1786507173078,155.68102213493006
391.0,194.94807075219194,159.3781813264408,-0.2500135624000326,-0.05,195.93773915223045,163.25381759136107,193.95840235215343,155.50254506152052
392.0,195.9103920177952,159.10664962332908,-0.30001356240003263,-0.05,197.09252467095436,162.92797954762702,194.72825936463605,155.28531969903113
393.0,196.85793970344787,158.7873612467144,-0.35001356240003245,-0.05,198.22958189373756,162.5448334956894,195.48629751315818,155.0298889977394
394.0,197.78834543340918,158.42111425125614,-0.4000135624000327,-0.05,199.34606876969113,162.1053371011395,196.23062209712722,154.7368914013728
395.0,198.6992836779001,158.0088240637052,-0.45001356240003254,-0.05,200.43919466308026,161.61058887607834,196.95937269271994,154.40705925133204
396.0,199.5884775657169,157.55152119481383,-0.5000135624000326,-0.05,201.5062273284604,161.06182543340873,197.67072780297337,154.04121695621893
397.0,200.4537045752232,157.05034866359557,-0.5500135624000326,-0.05,202.54449973986797,160.46041839594682,198.36290941057845,153.64027893124432
398.0,201.2928020894969,156.50655914037287,-0.6000135624000326,-0.05,203.5514167569964,159.80787096807956,199.0341874219974,153.2052473126662
399.0,202.1036728017457,155.92151181575363,-0.6500135624000326,-0.05,204.52446161169496,159.1058141785365,199.68288399179642,152.73720945297077
400.0,202.8842899574823,155.2966690033627,-0.7000135624000325,-0.05,205.4612021985789,158.35600280366737,200.30737771638573,152.23733520305802
401.0,203.63270242035503,154.63359248481913,-0.7500135624000326,-0.05,206.35929715402617,157.56031098141509,200.9061076866839,151.70687398822318
402.0,204.83114515108358,153.41752043178224,-0.8353885732673837,-0.05,207.79737418093242,156.1010787677388,201.86491612123473,150.73396209582566
403.0,205.48322016320515,152.65950337221585,-0.8853885732673836,-0.05,208.57986419547828,155.19145829625916,202.386576130932,150.12754844817255
404.0,206.09659518842847,151.8698434691821,-0.9353885732673837,-0.05,209.31591422574627,154.24386641261864,202.87727615111066,149.49582052574553
405.0,206.66973710863002,151.0505144611916,-0.9853885732673837,-0.05,210.00368452998813,153.26067160303003,203.3357896872719,148.84035731935316
406.0,207.20121336749588,150.2035642440661,-1.0353885732673835,-0.05,210.6414560406272,152.24433134247943,203.76097069436457,148.16279714565275
407.0,207.68969555116635,149.3311097522652,-1.0853885732673836,-0.05,211.22763466103174,151.19738595231837,204.15175644130096,147.46483355221204
408.0,208.13396270857885,148.43533166765295,-1.1353885732673836,-0.05,211.76075524992675,150.12245225078365,204.50717016723095,146.74821108452224
409.0,208.5329044032097,147.5184689689286,-1.1853885732673837,-0.05,212.23948528348376,149.02221701231446,204.82632352293564,146.01472092554275
410.0,208.88552348858715,146.58281333534617,-1.2353885732673837,-0.05,212.6626281859367,147.89943025201555,205.1084187912376,145.2661964186768
411.0,209.19093860063828,145.63070341870954,-1.2853885732673835,-0.05,213.02912632039806,146.7568983520516,205.3527508808785,144.5045084853675
412.0,209.44838636063997,144.66451899796104,-1.3353885732673838,-0.05,213.3380636324001,145.59747704715338,205.55870908887985,143.7315609487687
413.0,209.65722328326854,143.68667503097345,-1.3853885732673836,-0.05,213.58866793955437,144.42406428676827,205.7257786269827,142.94928577517862
414.0,209.81692738497748,142.6996156184129,-1.4353885732673837,-0.05,213.7803128616051,143.23959299169562,205.85354190834985,142.1596382451302
415.0,209.92709948868486,141.70580789476026,-1.4853885732673837,-0.05,213.91251938605396,142.04702372331244,205.94167959131576,141.36459206620808
416.0,209.9874642215079,140.70773586175952,-1.5353885732673835,-0.05,213.98495706544162,140.84933728371155,205.9899713775742,140.56613443980748
417.0,210.0,139.0,-1.5707963267948966,0.0,214.0,139.0,206.0,139.0
418.0,210.0,138.0,-1.5707963267948966,0.0,214.0,138.0,206.0,138.0
419.0,210.0,137.0,-1.5707963267948966,0.0,214.0,137.0,206.0,137.0
420.0,210.0,136.0,-1.5707963267948966,0.0,214.0,136.0,206.0,136.0
421.0,210.0,135.0,-1.5707963267948966,0.0,214.0,135.0,206.0,135.0
422.0,210.0,134.0,-1.5707963267948966,0.0,214.0,134.0,206.0,134.0
423.0,210.0,133.0,-1.5707963267948966,0.0,214.0,133.0,206.0,133.0
424.0,210.0,132.0,-1.5707963267948966,0.0,214.0,132.0,206.0,132.0
425.0,210.0,131.0,-1.5707963267948966,0.0,214.0,131.0,206.0,131.0
426.0,210.0,130.0,-1.5707963267948966,0.0,214.0,130.0,206.0,130.0
427.0,210.0,129.0,-1.5707963267948966,0.0,214.0,129.0,206.0,129.0
428.0,210.0,128.0,-1.5707963267948966,0.0,214.0,128.0,206.0,128.0
429.0,210.0,127.0,-1.5707963267948966,0.0,214.0,127.0,206.0,127.0
430.0,210.0,126.0,-1.5707963267948966,0.0,214.0,126.0,206.0,126.0
431.0,210.0,125.0,-1.5707963267948966,0.0,214.0,125.0,206.0,125.0
432.0,210.0,124.0,-1.5707963267948966,0.0,214.0,124.0,206.0,124.0
433.0,210.0,123.0,-1.5707963267948966,0.0,214.0,123.0,206.0,123.0
434.0,210.0,122.0,-1.5707963267948966,0.0,214.0,122.0,206.0,122.0
435.0,210.0,121.0,-1.5707963267948966,0.0,214.0,121.0,206.0,121.0
436.0,210.0,120.0,-1.5707963267948966,0.0,214.0,120.0,206.0,120.0
437.0,210.0,119.0,-1.5707963267948966,0.0,214.0,119.0,206.0,119.0
438.0,210.0,118.0,-1.5707963267948966,0.0,214.0,118.0,206.0,118.0
439.0,210.0,117.0,-1.5707963267948966,0.0,214.0,117.0,206.0,117.0
440.0,210.0,116.0,-1.5707963267948966,0.0,214.0,116.0,206.0,116.0
441.0,210.0,115.0,-1.5707963267948966,0.0,214.0,115.0,206.0,115.0
442.0,210.0,114.0,-1.5707963267948966,0.0,214.0,114.0,206.0,114.0
443.0,210.0,113.0,-1.5707963267948966,0.0,214.0,113.0,206.0,113.0
444.0,210.0,112.0,-1.5707963267948966,0.0,214.0,112.0,206.0,112.0
445.0,210.0,111.0,-1.5707963267948966,0.0,214.0,111.0,206.0,111.0
446.0,210.0,110.0,-1.5707963267948966,0.0,214.0,110.0,206.0,110.0
447.0,210.0,109.0,-1.5707963267948966,0.0,214.0,109.0,206.0,109.0
448.0,210.0,108.0,-1.5707963267948966,0.0,214.0,108.0,206.0,108.0
449.0,210.0,107.0,-1.5707963267948966,0.0,214.0,107.0,206.0,107.0
450.0,210.0,106.0,-1.5707963267948966,0.0,214.0,106.0,206.0,106.0
451.0,210.0,105.0,-1.5707963267948966,0.0,214.0,105.0,206.0,105.0
452.0,210.0,104.0,-1.5707963267948966,0.0,214.0,104.0,206.0,104.0
453.0,210.0,103.0,-1.5707963267948966,0.0,214.0,103.0,206.0,103.0
454.0,210.0,102.0,-1.5707963267948966,0.0,214.0,102.0,206.0,102.0
455.0,210.0,101.0,-1.5707963267948966,0.0,214.0,101.0,206.0,101.0
456.0,210.0,100.0,-1.5707963267948966,0.0,214.0,100.0,206.0,100.0
457.0,210.0,99.0,-1.5707963267948966,0.0,214.0,99.0,206.0,99.0
458.0,210.0,98.0,-1.5707963267948966,0.0,214.0,98.0,206.0,98.0
459.0,210.0,97.0,-1.5707963267948966,0.0,214.0,97.0,206.0,97.0
460.0,210.0,96.0,-1.5707963267948966,0.0,214.0,96.0,206.0,96.0
461.0,210.0,95.0,-1.5707963267948966,0.0,214.0,95.0,206.0,95.0
462.0,210.0,94.0,-1.5707963267948966,0.0,214.0,94.0,206.0,94.0
463.0,210.0,93.0,-1.5707963267948966,0.0,214.0,93.0,206.0,93.0
464.0,210.0,92.0,-1.5707963267948966,0.0,214.0,92.0,206.0,92.0
465.0,210.0,91.0,-1.5707963267948966,0.0,214.0,91.0,206.0,91.0
466.0,210.0,90.0,-1.5707963267948966,0.0,214.0,90.0,206.0,90.0
467.0,210.0,89.0,-1.5707963267948966,0.0,214.0,89.0,206.0,89.0
468.0,210.0,88.0,-1.5707963267948966,0.0,214.0,88.0,206.0,88.0
469.0,210.0,87.0,-1.5707963267948966,0.0,214.0,87.0,206.0,87.0
470.0,210.0,86.0,-1.5707963267948966,0.0,214.0,86.0,206.0,86.0
471.0,210.0,85.0,-1.5707963267948966,0.0,214.0,85.0,206.0,85.0
472.0,210.0,84.0,-1.5707963267948966,0.0,214.0,84.0,206.0,84.0
473.0,210.0,83.0,-1.5707963267948966,0.0,214.0,83.0,206.0,83.0
474.0,210.0,82.0,-1.5707963267948966,0.0,214.0,82.0,206.0,82.0
475.0,210.0,81.0,-1.5707963267948966,0.0,214.0,81.0,206.0,81.0
476.0,210.0,80.0,-1.5707963267948966,0.0,214.0,80.0,206.0,80.0
477.0,210.0,79.0,-1.5707963267948966,0.0,214.0,79.0,206.0,79.0
478.0,210.0,78.0,-1.5707963267948966,0.0,214.0,78.0,206.0,78.0
479.0,210.0,77.0,-1.5707963267948966,0.0,214.0,77.0,206.0,77.0
480.0,210.0,76.0,-1.5707963267948966,0.0,214.0,76.0,206.0,76.0
481.0,210.0,75.0,-1.5707963267948966,0.0,214.0,75.0,206.0,75.0
482.0,210.0,74.0,-1.5707963267948966,0.0,214.0,74.0,206.0,74.0
483.0,210.0,73.0,-1.5707963267948966,0.0,214.0,73.0,206.0,73.0
484.0,210.0,72.0,-1.5707963267948966,0.0,214.0,72.0,206.0,72.0
485.0,210.0,71.0,-1.5707963267948966,0.0,214.0,71.0,206.0,71.0
486.0,210.0,70.0,-1.5707963267948966,0.0,214.0,70.0,206.0,70.0
487.0,210.0,69.0,-1.5707963267948966,0.0,214.0,69.0,206.0,69.0
488.0,210.0,68.0,-1.5707963267948966,0.0,214.0,68.0,206.0,68.0
489.0,210.0,67.0,-1.5707963267948966,0.0,214.0,67.0,206.0,67.0
490.0,210.0,66.0,-1.5707963267948966,0.0,214.0,66.0,206.0,66.0
491.0,210.0,65.0,-1.5707963267948966,0.0,214.0,65.0,206.0,65.0
492.0,210.0,64.0,-1.5707963267948966,0.0,214.0,64.0,206.0,64.0
493.0,210.0,63.0,-1.5707963267948966,0.0,214.0,63.0,206.0,63.0
494.0,210.0,62.0,-1.5707963267948966,0.0,214.0,62.0,206.0,62.0
495.0,210.0,61.0,-1.5707963267948966,0.0,214.0,61.0,206.0,61.0
496.0,210.0,60.0,-1.5707963267948966,0.0,214.0,60.0,206.0,60.0
497.0,210.0,59.0,-1.5707963267948966,0.0,214.0,59.0,206.0,59.0
498.0,210.0,58.0,-1.5707963267948966,0.0,214.0,58.0,206.0,58.0
499.0,210.0,57.0,-1.5707963267948966,0.0,214.0,57.0,206.0,57.0
500.0,210.0,56.0,-1.5707963267948966,0.0,214.0,56.0,206.0,56.0
501.0,210.0,55.0,-1.5707963267948966,0.0,214.0,55.0,206.0,55.0
502.0,210.0,54.0,-1.5707963267948966,0.0,214.0,54.0,206.0,54.0
503.0,210.0,53.0,-1.5707963267948966,0.0,214.0,53.0,206.0,53.0
504.0,210.0,52.0,-1.5707963267948966,0.0,214.0,52.0,206.0,52.0
505.0,210.0,51.0,-1.5707963267948966,0.0,214.0,51.0,206.0,51.0
506.0,210.0,50.0,-1.5707963267948966,0.0,214.0,50.0,206.0,50.0
507.0,210.0,49.0,-1.5707963267948966,0.0,214.0,49.0,206.0,49.0
508.0,210.0,48.0,-1.5707963267948966,0.0,214.0,48.0,206.0,48.0
509.0,210.0,47.0,-1.5707963267948966,0.0,214.0,47.0,206.0,47.0
510.0,210.0,46.0,-1.5707963267948966,0.0,214.0,46.0,206.0,46.0
511.0,210.0,45.0,-1.5707963267948966,0.0,214.0,45.0,206.0,45.0
512.0,210.0,44.0,-1.5707963267948966,0.0,214.0,44.0,206.0,44.0
513.0,210.0,43.0,-1.5707963267948966,0.0,214.0,43.0,206.0,43.0
514.0,210.0,42.0,-1.5707963267948966,0.0,214.0,42.0,206.0,42.0
515.0,210.0,41.0,-1.5707963267948966,0.0,214.0,41.0,206.0,41.0
516.0,210.0,40.0,-1.5707963267948966,0.0,214.0,40.0,206.0,40.0
517.0,210.0,39.0,-1.5707963267948966,0.0,214.0,39.0,206.0,39.0
518.0,210.0,38.0,-1.5707963267948966,0.0,214.0,38.0,206.0,38.0
519.0,210.0,37.0,-1.5707963267948966,0.0,214.0,37.0,206.0,37.0
520.0,210.0,36.0,-1.5707963267948966,0.0,214.0,36.0,206.0,36.0
521.0,210.0,35.0,-1.5707963267948966,0.0,214.0,35.0,206.0,35.0
522.0,210.0,34.0,-1.5707963267948966,0.0,214.0,34.0,206.0,34.0
523.0,210.0,33.0,-1.5707963267948966,0.0,214.0,33.0,206.0,33.0
524.0,210.0,32.0,-1.5707963267948966,0.0,214.0,32.0,206.0,32.0
525.0,210.0,31.0,-1.5707963267948966,0.0,214.0,31.0,206.0,31.0
526.0,210.0,30.0,-1.5707963267948966,0.0,214.0,30.0,206.0,30.0
527.0,210.0,29.0,-1.5707963267948966,0.0,214.0,29.0,206.0,29.0
528.0,210.0,28.0,-1.5707963267948966,0.0,214.0,28.0,206.0,28.0
529.0,210.0,27.0,-1.5707963267948966,0.0,214.0,27.0,206.0,27.0
530.0,210.0,26.0,-1.5707963267948966,0.0,214.0,26.0,206.0,26.0
531.0,210.0,25.0,-1.5707963267948966,0.0,214.0,25.0,206.0,25.0
532.0,210.0,24.0,-1.5707963267948966,0.0,214.0,24.0,206.0,24.0
533.0,210.0,23.000000000000014,-1.5707963267948966,0.0,214.0,23.000000000000014,206.0,23.000000000000014
534.0,210.0,21.999999999999986,-1.5707963267948966,0.0,214.0,21.999999999999986,206.0,21.999999999999986
535.0,210.0,21.0,-1.5707963267948966,0.0,214.0,21.0,206.0,21.0
536.0,210.0,20.0,-1.5707963267948966,0.0,214.0,20.0,206.0,20.0
537.0,210.0,19.000000000000014,-1.5707963267948966,0.0,214.0,19.000000000000014,206.0,19.000000000000014
538.0,210.0,17.999999999999986,-1.5707963267948966,0.0,214.0,17.999999999999986,206.0,17.999999999999986
539.0,210.0,17.0,-1.5707963267948966,0.0,214.0,17.0,206.0,17.0
540.0,210.0,16.0,-1.5707963267948966,0.0,214.0,16.0,206.0,16.0
541.0,210.0,15.0,-1.5707963267948966,0.0,214.0,15.0,206.0,15.0
542.0,210.0,14.000000000000014,-1.5707963267948966,0.0,214.0,14.000000000000014,206.0,14.000000000000014
543.0,210.0,12.999999999999986,-1.5707963267948966,0.0,214.0,12.999999999999986,206.0,12.999999999999986
544.0,210.0,12.0,-1.5707963267948966,0.0,214.0,12.0,206.0,12.0
545.0,210.0,11.0,-1.5707963267948966,0.0,214.0,11.0,206.0,11.0
546.0,210.0,10.0,-1.5707963267948966,0.0,214.0,10.0,206.0,10.0
547.0,210.0,9.0,-1.5707963267948966,0.0,214.0,9.0,206.0,9.0
548.0,210.0,8.0,-1.5707963267948966,0.0,214.0,8.0,206.0,8.0
549.0,210.0,7.0,-1.5707963267948966,0.0,214.0,7.0,206.0,7.0
550.0,210.0,6.0,-1.5707963267948966,0.0,214.0,6.0,206.0,6.0
551.0,210.0,5.0,-1.5707963267948966,0.0,214.0,5.0,206.0,5.0
552.0,210.0,4.0,-1.5707963267948966,0.0,214.0,4.0,206.0,3.9999999999999996
553.0,210.0,3.0,-1.5707963267948966,0.0,214.0,3.0000000000000004,206.0,2.9999999999999996
554.0,210.0,2.0,-1.5707963267948966,0.0,214.0,2.0000000000000004,206.0,1.9999999999999998
555.0,210.0,1.0,-1.5707963267948966,0.0,214.0,1.0000000000000002,206.0,0.9999999999999998
556.0,210.0,0.0,-1.5707963267948966,0.0,214.0,2.4492935982947064e-16,206.0,-2.4492935982947064e-16
557.0,210.0,-1.0,-1.5707963267948966,0.0,214.0,-0.9999999999999998,206.0,-1.0000000000000002
558.0,210.0,-2.0,-1.5707963267948966,0.0,214.0,-1.9999999999999998,206.0,-2.0000000000000004
559.0,210.0,-3.0,-1.5707963267948966,0.0,214.0,-2.9999999999999996,206.0,-3.0000000000000004
560.0,210.0,-4.0,-1.5707963267948966,0.0,214.0,-3.9999999999999996,206.0,-4.0
561.0,210.0,-5.0,-1.5707963267948966,0.0,214.0,-5.0,206.0,-5.0
562.0,210.0,-6.0,-1.5707963267948966,0.0,214.0,-6.0,206.0,-6.0
563.0,210.0,-7.0,-1.5707963267948966,0.0,214.0,-7.0,206.0,-7.0
564.0,210.0,-8.0,-1.5707963267948966,0.0,214.0,-8.0,206.0,-8.0
565.0,210.0,-9.0,-1.5707963267948966,0.0,214.0,-9.0,206.0,-9.0
566.0,210.0,-10.0,-1.5707963267948966,0.0,214.0,-10.0,206.0,-10.0
567.0,210.0,-11.0,-1.5707963267948966,0.0,214.0,-11.0,206.0,-11.0
568.0,210.0,-12.0,-1.5707963267948966,0.0,214.0,-12.0,206.0,-12.0
569.0,210.0,-13.0,-1.5707963267948966,0.0,214.0,-13.0,206.0,-13.0
570.0,210.0,-14.0,-1.5707963267948966,0.0,214.0,-14.0,206.0,-14.0
571.0,210.0,-15.0,-1.5707963267948966,0.0,214.0,-15.0,206.0,-15.0
572.0,210.0,-16.0,-1.5707963267948966,0.0,214.0,-16.0,206.0,-16.0
573.0,210.0,-17.0,-1.5707963267948966,0.0,214.0,-17.0,206.0,-17.0
574.0,210.0,-18.0,-1.5707963267948966,0.0,214.0,-18.0,206.0,-18.0
575.0,210.0,-19.0,-1.5707963267948966,0.0,214.0,-19.0,206.0,-19.0
576.0,210.0,-20.0,-1.5707963267948966,0.0,214.0,-20.0,206.0,-20.0
577.0,210.0,-21.0,-1.5707963267948966,0.0,214.0,-21.0,206.0,-21.0
578.0,210.0,-22.0,-1.5707963267948966,0.0,214.0,-22.0,206.0,-22.0
579.0,210.0,-23.0,-1.5707963267948966,0.0,214.0,-23.0,206.0,-23.0
580.0,210.0,-24.0,-1.5707963267948966,0.0,214.0,-24.0,206.0,-24.0
581.0,210.0,-25.0,-1.5707963267948966,0.0,214.0,-25.0,206.0,-25.0
582.0,210.0,-26.0,-1.5707963267948966,0.0,214.0,-26.0,206.0,-26.0
583.0,210.0,-27.0,-1.5707963267948966,0.0,214.0,-27.0,206.0,-27.0
584.0,210.0,-28.0,-1.5707963267948966,0.0,214.0,-28.0,206.0,-28.0
585.0,210.0,-29.0,-1.5707963267948966,0.0,214.0,-29.0,206.0,-29.0
586.0,210.0,-30.0,-1.5707963267948966,0.0,214.0,-30.0,206.0,-30.0
587.0,210.0,-31.0,-1.5707963267948966,0.0,214.0,-31.0,206.0,-31.0
588.0,210.0,-32.0,-1.5707963267948966,0.0,214.0,-32.0,206.0,-32.0
589.0,210.0,-33.0,-1.5707963267948966,0.0,214.0,-33.0,206.0,-33.0
590.0,210.0,-34.0,-1.5707963267948966,0.0,214.0,-34.0,206.0,-34.0
591.0,210.0,-35.0,-1.5707963267948966,0.0,214.0,-35.0,206.0,-35.0
592.0,210.0,-36.0,-1.5707963267948966,0.0,214.0,-36.0,206.0,-36.0
593.0,210.0,-37.0,-1.5707963267948966,0.0,214.0,-37.0,206.0,-37.0
594.0,210.0,-38.0,-1.5707963267948966,0.0,214.0,-38.0,206.0,-38.0
595.0,210.0,-39.0,-1.5707963267948966,0.0,214.0,-39.0,206.0,-39.0
596.0,210.0,-40.0,-1.5707963267948966,0.0,214.0,-40.0,206.0,-40.0
597.0,210.0,-41.0,-1.5707963267948966,0.0,214.0,-41.0,206.0,-41.0
598.0,210.0,-42.0,-1.5707963267948966,0.0,214.0,-42.0,206.0,-42.0
599.0,210.0,-43.0,-1.5707963267948966,0.0,214.0,-43.0,206.0,-43.0
600.0,210.0,-44.0,-1.5707963267948966,0.0,214.0,-44.0,206.0,-44.0
601.0,210.0,-45.0,-1.5707963267948966,0.0,214.0,-45.0,206.0,-45.0
602.0,210.0,-46.0,-1.5707963267948966,0.0,214.0,-46.0,206.0,-46.0
603.0,210.0,-47.0,-1.5707963267948966,0.0,214.0,-47.0,206.0,-47.0
604.0,210.0,-48.0,-1.5707963267948966,0.0,214.0,-48.0,206.0,-48.0
605.0,210.0,-49.0,-1.5707963267948966,0.0,214.0,-49.0,206.0,-49.0
606.0,210.0,-50.0,-1.5707963267948966,0.0,214.0,-50.0,206.0,-50.0
607.0,210.0,-51.0,-1.5707963267948966,0.0,214.0,-51.0,206.0,-51.0
608.0,210.0,-52.0,-1.5707963267948966,0.0,214.0,-52.0,206.0,-52.0
609.0,210.0,-53.0,-1.5707963267948966,0.0,214.0,-53.0,206.0,-53.0
610.0,210.0,-54.0,-1.5707963267948966,0.0,214.0,-54.0,206.0,-54.0
611.0,210.0,-55.0,-1.5707963267948966,0.0,214.0,-55.0,206.0,-55.0
612.0,210.0,-56.0,-1.5707963267948966,0.0,214.0,-56.0,206.0,-56.0
613.0,210.0,-57.0,-1.5707963267948966,0.0,214.0,-57.0,206.0,-57.0
614.0,210.0,-58.0,-1.5707963267948966,0.0,214.0,-58.0,206.0,-58.0
615.0,210.0,-59.0,-1.5707963267948966,0.0,214.0,-59.0,206.0,-59.0
616.0,210.0,-60.0,-1.5707963267948966,0.0,214.0,-60.0,206.0,-60.0
617.0,210.0,-61.0,-1.5707963267948966,0.0,214.0,-61.0,206.0,-61.0
618.0,210.0,-62.0,-1.5707963267948966,0.0,214.0,-62.0,206.0,-62.0
619.0,210.0,-63.0,-1.5707963267948966,0.0,214.0,-63.0,206.0,-63.0
620.0,210.0,-64.0,-1.5707963267948966,0.0,214.0,-64.0,206.0,-64.0
621.0,210.0,-65.0,-1.5707963267948966,0.0,214.0,-65.0,206.0,-65.0
622.0,210.0,-66.0,-1.5707963267948966,0.0,214.0,-66.0,206.0,-66.0
623.0,210.0,-67.0,-1.5707963267948966,0.0,214.0,-67.0,206.0,-67.0
624.0,210.0,-68.0,-1.5707963267948966,0.0,214.0,-68.0,206.0,-68.0
625.0,210.0,-69.0,-1.5707963267948966,0.0,214.0,-69.0,206.0,-69.0
626.0,210.0,-70.0,-1.5707963267948966,0.0,214.0,-70.0,206.0,-70.0
627.0,210.0,-71.0,-1.5707963267948966,0.0,214.0,-71.0,206.0,-71.0
628.0,210.0,-72.0,-1.5707963267948966,0.0,214.0,-72.0,206.0,-72.0
629.0,210.0,-73.0,-1.5707963267948966,0.0,214.0,-73.0,206.0,-73.0
630.0,210.0,-74.0,-1.5707963267948966,0.0,214.0,-74.0,206.0,-74.0
631.0,210.0,-75.0,-1.5707963267948966,0.0,214.0,-75.0,206.0,-75.0
632.0,210.0,-76.0,-1.5707963267948966,0.0,214.0,-76.0,206.0,-76.0
633.0,210.0,-77.0,-1.5707963267948966,0.0,214.0,-77.0,206.0,-77.0
634.0,210.0,-78.0,-1.5707963267948966,0.0,214.0,-78.0,206.0,-78.0
635.0,210.0,-79.0,-1.5707963267948966,0.0,214.0,-79.0,206.0,-79.0
636.0,210.0,-80.0,-1.5707963267948966,0.0,214.0,-80.0,206.0,-80.0
637.0,210.0,-81.0,-1.5707963267948966,0.0,214.0,-81.0,206.0,-81.0
638.0,210.0,-82.0,-1.5707963267948966,0.0,214.0,-82.0,206.0,-82.0
639.0,210.0,-83.0,-1.5707963267948966,0.0,214.0,-83.0,206.0,-83.0
640.0,210.0,-84.0,-1.5707963267948966,0.0,214.0,-84.0,206.0,-84.0
641.0,210.0,-85.0,-1.5707963267948966,0.0,214.0,-85.0,206.0,-85.0
642.0,210.0,-86.0,-1.5707963267948966,0.0,214.0,-86.0,206.0,-86.0
643.0,210.0,-87.0,-1.5707963267948966,0.0,214.0,-87.0,206.0,-87.0
644.0,210.0,-88.0,-1.5707963267948966,0.0,214.0,-88.0,206.0,-88.0
645.0,210.0,-89.0,-1.5707963267948966,0.0,214.0,-89.0,206.0,-89.0
646.0,209.9944531612603,-90.99997947206755,-1.5818987780678633,-0.011111111111111112,213.9942066349441,-91.04438836480686,205.9946996875765,-90.95557057932824
647.0,209.9777960105091,-91.99983558736882,-1.5930098891789746,-0.011111111111111112,213.97680916638174,-92.08868252967709,205.97878285463648,-91.91098864506056
648.0,209.95003060416371,-92.99944490814717,-1.6041210002900856,-0.011111111111111112,213.94780974197656,-93.13271893137892,205.95225146635087,-92.86617088491542
649.0,209.91116037001672,-93.99868402711412,-1.6152321114011967,-0.011111111111111112,213.90721194186747,-94.1763686778555,205.91510879816596,-93.82099937637274
650.0,209.86119010681313,-94.99742958268465,-1.6263432225123078,-0.011111111111111112,213.85502077807706,-95.21950292478472,205.8673594355492,-94.77535624058457
651.0,209.80012598365772,-95.99555827420681,-1.6374543336234189,-0.011111111111111112,213.7912426938925,-96.26199289148565,205.80900927342293,-95.72912365692798
652.0,209.72797553925366,-96.992946877184,-1.6485654447345301,-0.011111111111111112,213.71588556307051,-97.30370987681738,205.7400655154368,-96.68218387755061
653.0,209.64474768097153,-97.9894722584876,-1.6596765558456412,-0.011111111111111112,213.6289586888647,-98.3445252750678,205.66053667307835,-97.6344192419074
654.0,209.55045268374982,-98.98501139155843,-1.6707876669567523,-0.011111111111111112,213.5304728028776,-99.38431059183067,205.57043256462205,-98.58571219128619
655.0,209.44510218882652,-99.97944137159519,-1.6818987780678634,-0.011111111111111112,213.4204400637355,-100.42293745986906,205.46976431391755,-99.53594528332131
656.0,209.3287092023017,-100.97263943072757,-1.6930098891789744,-0.011111111111111112,213.29887405558733,-101.46027765496288,205.35854434901606,-100.48500120649226
657.0,209.20128809353204,-101.96448295317272,-1.7041210002900855,-0.011111111111111112,213.16578978642792,-102.49620311173894,205.23678640063616,-101.4327627946065
658.0,209.0628545933568,-102.95484949037282,-1.7152321114011966,-0.011111111111111112,213.0212036862449,-103.53058593948126,205.10450550046872,-102.37911304126439
659.0,208.91342579215575,-103.94361677611205,-1.7263432225123079,-0.011111111111111112,212.86513360499046,-104.56329843792001,204.96171797932104,-103.32393511430409
660.0,208.7530201377392,-104.93066274161097,-1.737454333623419,-0.011111111111111112,212.69759881037763,-105.59421311299666,204.8084414651008,-104.26711237022529
661.0,208.5816574330707,-105.91586553059666,-1.74856544473453,-0.011111111111111112,212.51861998550163,-106.62320269260394,204.64469488063975,-105.20852836858938
662.0,208.39935883382196,-106.8991035143465,-1.759676555845641,-0.011111111111111112,212.32821922628628,-107.65014014229821,204.47049844135765,-106.1480668863948
663.0,208.2061468457614,-107.88025530670393,-1.7707876669567524,-0.011111111111111112,212.12642003875635,-108.67489868098264,204.28587365276644,-107.08561193242522
664.0,208.0020453219755,-108.85919977906421,-1.7818987780678635,-0.011111111111111112,211.91324733613553,-109.69735179655893,204.09084330781545,-108.02104776156949
665.0,207.78707945992397,-109.83581607532848,-1.7930098891789745,-0.011111111111111112,211.6887274357706,-110.71737326154606,203.88543148407734,-108.9542588891109
666.0,207.5612757983291,-110.80998362682404,-1.8041210002900856,-0.011111111111111112,211.45288805588262,-111.73483714866364,203.66966354077556,-109.88513010498443
667.0,207.32466221389936,-111.78158216718924,-1.8152321114011967,-0.011111111111111112,211.2057583121449,-112.74961784637841,203.44356611565382,-110.81354648800007
668.0,207.07726791788787,-112.75049174722108,-1.8263432225123077,-0.011111111111111112,210.94736871408844,-113.76159007441166,203.2071671216873,-111.7393934200305
669.0,206.819123452486,-113.7165927496835,-1.8374543336234188,-0.011111111111111112,210.67775116133538,-114.77062889920575,202.9604957436366,-112.66255660016125
670.0,206.55026068705308,-114.67976590407488,-1.84856544473453,-0.011111111111111112,210.39693893966103,-115.77660974934786,202.70358243444514,-113.58292205880191
671.0,206.27071281418156,-115.6398923013526,-1.8596765558456412,-0.011111111111111112,210.1049667168841,-116.77940843094903,202.43645891147904,-114.50037617175617
672.0,205.9805143455995,-116.59685340861304,-1.8707876669567522,-0.011111111111111112,209.80187053858725,-117.77890114297661,202.15915815261172,-115.41480567424948
673.0,205.67970110790964,-117.55053108372505,-1.8818987780678633,-0.011111111111111112,209.48768782366676,-118.77496449253803,201.8717143921525,-116.32609767491206
674.0,205.36831023816677,-118.50080758991537,-1.8930098891789746,-0.011111111111111112,209.16245735971307,-119.76747551011458,201.57416311662047,-117.23413966971616
675.0,205.04638017929256,-119.44756561030376,-1.9041210002900857,-0.011111111111111112,208.82621929822224,-120.75631166474246,201.26654106036287,-118.13881955586506
676.0,204.7139506753299,-120.39068826238652,-1.9152321114011968,-0.011111111111111112,208.47901514963903,-121.74135087914001,200.94888620102077,-119.04002564563302
677.0,204.37106276653597,-121.3300591124662,-1.9263432225123078,-0.011111111111111112,208.12088777823203,-122.72247154477878,200.6212377548399,-119.93764668015362
678.0,204.01775878431596,-122.26556219002606,-1.937454333623419,-0.011111111111111112,207.75188139680225,-123.69955253689686,200.28363617182967,-120.83157184315526
679.0,203.6540823459966,-123.19708200204718,-1.94856544473453,-0.011111111111111112,207.37204156122425,-124.67247322945225,199.93612313076898,-121.72169077464211
680.0,203.2800783494418,-124.12450354726678,-1.959676555845641,-0.011111111111111112,206.98141516482255,-125.64111351001495,199.57874153406104,-122.60789358451862
681.0,202.89579296750935,-125.04771233037576,-1.9707876669567523,-0.011111111111111112,206.580050432582,-126.60535379459544,199.2115355024367,-123.49007086615607
682.0,202.50127364235098,-125.9665943761537,-1.9818987780678634,-0.011111111111111112,206.16799691519438,-127.56507504240795,198.83455036950758,-124.36811370989943
683.0,202.09656907955508,-126.88103624353985,-1.9930098891789745,-0.011111111111111112,205.74530548294086,-128.52015877056684,198.4478326761693,-125.24191371651288
684.0,201.68172924213388,-127.79092503963795,-2.0041210002900858,-0.011111111111111112,205.31202831941206,-129.47048706871374,198.0514301648557,-126.11136301056217
685.0,201.25680534435526,-128.69614843365355,-2.015232111401197,-0.011111111111111112,204.8682189150655,-130.41594261357446,197.645391773645,-126.97635425373264
686.0,200.82184984542,-129.59659467076182,-2.026343222512308,-0.011111111111111112,204.41393206062202,-131.3564086834431,197.22976763021796,-127.83678065808054
687.0,200.3769164429853,-130.49215258590434,-2.037454333623419,-0.011111111111111112,203.94922384030133,-132.29176917259196,196.80460904566928,-128.69253599921672
688.0,199.92206006653583,-131.382711617513,-2.04856544473453,-0.011111111111111112,203.47415162489855,-133.22190860560545,196.36996850817312,-129.54351462942054
689.0,199.45733687060198,-132.26816182115942,-2.059676555845641,-0.011111111111111112,202.98877406470098,-134.14671215163617,195.92589967650298,-130.38961149068268
690.0,198.98280422782764,-133.14839388312836,-2.070787666956752,-0.011111111111111112,202.49315108224778,-135.0660656385815,195.4724573734075,-131.23072212767522
691.0,198.49852072188693,-134.02329913391284,-2.0818987780678633,-0.011111111111111112,201.98734386493192,-135.97985556717862,195.00969757884195,-132.06674270064707
692.0,198.00454614025193,-134.89276956163022,-2.0930098891789743,-0.011111111111111112,201.4714148574465,-136.88796912501675,194.53767742305737,-132.89756999824368
693.0,197.5009414668114,-135.75669782535667,-2.1041210002900854,-0.011111111111111112,200.94542775407527,-137.7902942004644,194.05645517954756,-133.72310145024895
694.0,196.98776887434232,-136.61497726837916,-2.1152321114011965,-0.011111111111111112,200.40944749082976,-138.6867193965101,193.56609025785488,-134.5432351402482
695.0,196.4650917168338,-137.4675019313628,-2.1263432225123076,-0.011111111111111112,199.86354023743198,-139.57713404451522,193.06664319623562,-135.35786981821036
696.0,195.9329745216662,-138.31416656543195,-2.1374543336234186,-0.011111111111111112,199.30777338914584,-140.46142821787635,192.55817565418658,-136.16690491298755
697.0,195.39148298164451,-139.15486664516396,-2.1485654447345297,-0.011111111111111112,198.7422155584565,-141.33949274559646,192.04075040483252,-136.97024054473147
698.0,194.8406839468884,-139.98949838149335,-2.159676555845641,-0.011111111111111112,198.1669365666001,-142.2112192257627,191.51443132717668,-137.767777537224
699.0,194.2806454165791,-140.8179587345251,-2.1707876669567523,-0.011111111111111112,197.58200743494373,-143.0765000389292,190.97928339821445,-138.559417430121
700.0,193.71143653056458,-141.64014542625551,-2.1818987780678634,-0.011111111111111112,196.98750037621747,-143.93522836140318,190.4353726849117,-139.34506249110785
701.0,193.13312756082382,-142.45595695319903,-2.1930098891789744,-0.011111111111111112,196.38348878559935,-144.78729817843308,189.8827663360483,-140.124615727965
702.0,192.5457899027915,-143.2652925989194,-2.2041210002900855,-0.011111111111111112,195.77004723165447,-145.63260429729655,189.32153257392855,-140.89798090054222
703.0,191.94949606654353,-144.06805244646358,-2.2152321114011966,-0.011111111111111112,195.1472514471288,-146.47104236028716,188.75174068595825,-141.66506253264
704.0,191.34431966784558,-144.8641373906972,-2.2263432225123077,-0.011111111111111112,194.51517831959984,-147.30250885759784,188.17346101609132,-142.42576592379658
705.0,190.7303354190646,-145.6534491505395,-2.2374543336234187,-0.011111111111111112,193.87390588198414,-148.1269011400998,187.58676495614506,-143.1799971609792
706.0,190.10761911994527,-146.4358902810967,-2.2485654447345302,-0.011111111111111112,193.22351330290397,-148.9441174320151,186.99172493698657,-143.9276631301783
707.0,189.47624764825218,-147.2113641856922,-2.2596765558456413,-0.011111111111111112,192.5640808769134,-149.7540568434815,186.38841441959096,-144.6686715279029
708.0,188.83629895027863,-147.97977512779184,-2.2707876669567524,-0.011111111111111112,191.89569001458548,-150.55661938300779,185.77690788597178,-145.4029308725759
709.0,188.18785203122394,-148.7410282428232,-2.2818987780678635,-0.011111111111111112,191.21842323246167,-151.35170596981834,185.1572808299862,-146.13035051582807
710.0,187.53098694543962,-149.49502954988714,-2.2930098891789745,-0.011111111111111112,190.53236414286474,-152.1392184460851,184.5296097480145,-146.85084065368918
711.0,186.8657847865465,-150.24168596336014,-2.3041210002900856,-0.011111111111111112,189.83759744357636,-152.9190595890458,183.89397212951664,-147.5643123376745
712.0,186.1923276774229,-150.98090530438648,-2.3152321114011967,-0.011111111111111112,189.13420890738058,-153.69113312300664,183.2504464474652,-148.27067748576633
713.0,185.51069876006653,-151.71259631225803,-2.3263432225123077,-0.011111111111111112,188.42228537147506,-154.45534373122803,182.599112148658,-148.96984889328803
714.0,184.82098218532977,-152.43666865568088,-2.337454333623419,-0.011111111111111112,187.70191472675,-155.21159706769188,181.94004964390953,-149.66174024366987
715.0,184.123263102531,-153.15303294392743,-2.34856544473453,-0.011111111111111112,186.97318590693797,-155.9597997687494,181.27334029812405,-150.34626611910545
716.0,182.9289751319113,-154.3431595472835,-2.3673117247072177,-0.011111111111111112,185.7257838317548,-157.2028555270128,180.1321664320678,-151.48346356755422
717.0,182.21018143069426,-155.03837557634728,-2.378422835818329,-0.011111111111111112,184.975043743817,-157.92897004625718,179.44531911757153,-152.14778110643738
718.0,181.483707635399,-155.72556225893493,-2.38953394692944,-0.011111111111111112,184.2162822242864,-158.64669835918204,178.75113304651163,-152.80442615868782
719.0,180.74964343322574,-156.40463475805723,-2.400645058040551,-0.011111111111111112,183.44959294646097,-159.35595185826534,178.04969391999052,-153.4533176578491
720.0,180.00807944845218,-157.07550923846566,-2.4117561691516625,-0.011111111111111112,182.67507056236414,-160.05664298224747,177.34108833454022,-154.09437549468385
721.0,179.25910723124576,-157.73810287700238,-2.4228672802627735,-0.011111111111111112,181.89281069105965,-160.74868522694138,176.62540377143188,-154.72752052706338
722.0,178.50281924636093,-158.39233387282525,-2.4339783913738846,-0.011111111111111112,181.1029099068466,-161.43199315591193,175.90272858587525,-155.35267458973857
723.0,177.7393088617242,-159.03812145750643,-2.4450895024849957,-0.011111111111111112,180.30546572733715,-162.1064824110234,175.17315199611124,-155.96976050398948
724.0,176.9686703369071,-159.67538590500388,-2.4562006135961068,-0.011111111111111112,179.50057660141707,-162.77206972285407,174.43676407239715,-156.5787020871537
725.0,176.19099881148946,-160.30404854150385,-2.467311724707218,-0.011111111111111112,178.688341897092,-163.42867292097625,173.69365572588694,-157.17942416203144
726.0,175.40639029331382,-160.92403175513363,-2.478422835818329,-0.011111111111111112,177.86886188921963,-164.0762109441007,172.943918697408,-157.77185256616656
727.0,174.61494164663281,-161.53525900554322,-2.48953394692944,-0.011111111111111112,177.04223774713057,-164.71460385008405,172.18764554613506,-158.3559141610024
728.0,173.8167505801506,-162.1376548333546,-2.5006450580405515,-0.011111111111111112,176.20857152213804,-165.34377282579814,171.42492963816315,-158.93153684091104
729.0,173.01191563496042,-162.7311448694775,-2.5117561691516626,-0.011111111111111112,175.36796613493942,-165.96364019685984,170.6558651349814,-159.49864954209517
730.0,172.20053617237892,-163.31565584429103,-2.5228672802627736,-0.011111111111111112,174.52052536290984,-166.57412943722065,169.880546981848,-160.0571822513614
731.0,171.38271236167955,-163.89111559668876,-2.5339783913738847,-0.011111111111111112,173.66635382729052,-167.17516517861384,169.09907089606858,-160.6070660147637
732.0,170.55854516772615,-164.45745308298774,-2.5450895024849958,-0.011111111111111112,172.8055569802725,-167.76667321985943,168.3115333551798,-161.14823294611605
733.0,169.7281363385082,-165.01459838569917,-2.556200613596107,-0.011111111111111112,171.9382410919782,-168.3485805360247,167.5180315850382,-161.68061623537363
734.0,168.89158839257954,-165.5624827221599,-2.567311724707218,-0.011111111111111112,171.0645132373416,-168.92081528743924,166.71866354781747,-162.20415015688056
735.0,168.0490046064018,-166.10103845302433,-2.578422835818329,-0.011111111111111112,170.18448128288932,-169.4833068285643,165.9135279299143,-162.71877007748435
736.0,167.20048900159452,-166.6301990906146,-2.58953394692944,-0.011111111111111112,169.29825387342393,-170.03598571671415,165.1027241297651,-163.22441246451507
737.0,166.34614633209281,-167.1498993071291,-2.600645058040551,-0.011111111111111112,168.40594041861104,-170.57878372062927,164.2863522455746,-163.7210148936289
738.0,165.48608207121526,-167.66007494270733,-2.611756169151662,-0.011111111111111112,167.50765107947225,-171.1116338288999,163.46451306295828,-164.20851605651475
739.0,164.6204023986424,-168.16066301335093,-2.6228672802627733,-0.011111111111111112,166.60349675478503,-171.63447025823876,162.63730804249977,-164.6868557684631
740.0,163.74921418730838,-168.65160171869928,-2.6339783913738843,-0.011111111111111112,165.69358906739174,-172.1472284616026,161.80483930722502,-165.15597497579597
741.0,162.87262499020687,-169.1328304496593,-2.6450895024849954,-0.011111111111111112,164.77804035041905,-172.64984513616085,160.9672096299947,-165.61581576315777
742.0,161.99074302711296,-169.6042897958877,-2.6562006135961065,-0.011111111111111112,163.85696363340983,-173.1422582311105,160.12452242081608,-166.0663213606649
743.0,161.10367717122298,-170.06592155312578,-2.667311724707218,-0.011111111111111112,162.93047262836922,-173.62440695533692,159.27688171407675,-166.50743615091463
744.0,160.2115369357135,-170.51766873038488,-2.678422835818329,-0.011111111111111112,161.99868171572595,-174.09623178491867,158.42439215570104,-166.9391056758511
745.0,159.31443246022116,-170.95947555698234,-2.68953394692944,-0.011111111111111112,161.06170593021173,-174.557674470476,157.56715899023058,-167.36127664348868
746.0,158.4124744972455,-171.39128748942665,-2.700645058040551,-0.011111111111111112,160.1196609466594,-175.00867804436228,156.70528804783163,-167.773896934491
747.0,157.50577439847584,-171.8130512181511,-2.7117561691516623,-0.011111111111111112,159.1726630657222,-175.4491868276967,155.83888573122948,-168.17691560860547
748.0,156.59444410104433,-172.2247146740953,-2.7228672802627734,-0.011111111111111112,158.22082919951595,-175.87914643723846,154.96805900257272,-168.57028291095216
749.0,155.6785961137068,-172.62622703513318,-2.7339783913738844,-0.011111111111111112,157.26427685718562,-176.29850379210023,154.09291537022796,-168.95395027816613
750.0,154.75834350295267,-173.01753873234753,-2.745089502484996,-0.011111111111111112,156.30312413039798,-176.7072071203019,153.21356287550736,-169.32787034439318
751.0,153.8337998790466,-173.39860145614915,-2.756200613596107,-0.011111111111111112,155.33748967876278,-177.10520596516136,152.33011007933044,-169.69199694713694
752.0,152.90507938200244,-173.76936816224142,-2.767311724707218,-0.011111111111111112,154.36749271518332,-177.4924511915244,151.44266604882156,-170.04628513295845
753.0,151.97229666749203,-174.1297930774278,-2.778422835818329,-0.011111111111111112,153.3932529911391,-177.86889499183016,150.55134034384497,-170.39069116302542
754.0,151.03556689269047,-174.479831705263,-2.7895339469294402,-0.011111111111111112,152.4148907819019,-178.23449089201358,149.65624300347903,-170.7251725185124
755.0,150.0950057020592,-174.81944083154613,-2.8006450580405513,-0.011111111111111112,151.43252687168703,-178.58919375724264,148.7574845324314,-171.04968790584962
756.0,149.15072921306913,-175.148578529656,-2.8117561691516624,-0.011111111111111112,150.44628253874185,-178.93295979749072,147.8551758873964,-171.36419726182126
757.0,148.20285400186518,-175.46720416572686,-2.8228672802627734,-0.011111111111111112,149.4562795403733,-179.2657465729425,146.94942846335707,-171.6686617585112
758.0,147.2514970888745,-175.77527840366514,-2.8339783913738845,-0.011111111111111112,148.46264009791633,-179.5875129992336,146.04035407983264,-171.96304380809667
759.0,146.2967759243594,-176.07276321000566,-2.8450895024849956,-0.011111111111111112,147.465486881645,-179.8982193525226,145.12806496707378,-172.24730706748872
760.0,145.33880837391774,-176.35962185860689,-2.8562006135961067,-0.011111111111111112,146.46494299562818,-180.197827274395,144.2126737522073,-172.52141644281878
761.0,144.37771270393162,-176.63581893518526,-2.8673117247072177,-0.011111111111111112,145.46113196253157,-180.48629977659905,143.29429344533168,-172.78533809377146
762.0,143.41360756696673,-176.901320341687,-2.878422835818329,-0.011111111111111112,144.45417770836823,-180.763601245612,142.37303742556523,-173.03903943776203
763.0,142.4466119871241,-177.15609330049796,-2.88953394692944,-0.011111111111111112,143.44420454719926,-181.02969744703677,141.44901942704894,-173.28248915395915
764.0,141.47684534534585,-177.40010635849,-2.900645058040551,-0.011111111111111112,142.43133716578643,-181.28455552982845,140.52235352490527,-173.51565718715156
765.0,140.504427364677,-177.63332939090418,-2.9117561691516625,-0.011111111111111112,141.41570060819896,-181.52814403034995,139.59315412115507,-173.7385147514584
766.0,139.52947809548508,-177.85573360506973,-2.9228672802627735,-0.011111111111111112,140.3974202603763,-181.76043287625617,138.66153593059386,-173.95103433388329
767.0,138.55211790063902,-178.06729154395873,-2.9339783913738846,-0.011111111111111112,139.37662183464818,-181.9813933902069,137.72761396662986,-174.15318969771056
768.0,137.57246744064992,-178.2679770895759,-2.9450895024849957,-0.011111111111111112,138.3534313542151,-182.19099829340706,136.79150352708473,-174.34495588574475
769.0,136.59064765877474,-178.45776546618276,-2.9562006135961068,-0.011111111111111112,137.32797513758993,-182.38922170897425,135.85332017995955,-174.52630922339128
770.0,135.6067797660852,-178.63663324335667,-2.967311724707218,-0.011111111111111112,136.30037978300308,-182.57603916513364,134.9131797491673,-174.6972273215797
771.0,134.6209852265036,-178.8045583388831,-2.978422835818329,-0.011111111111111112,135.2707721527734,-182.75142759823905,133.9711983002338,-174.85768907952718
772.0,133.63338574180742,-178.96152002148216,-2.98953394692944,-0.011111111111111112,134.23927935764627,-182.91536535562028,133.02749212596856,-175.00767468734404
773.0,132.64410323660456,-179.10749891336764,-3.0006450580405515,-0.011111111111111112,133.20602874110108,-183.0678321982562,132.08217773210805,-175.14716562847906
774.0,131.6532598432812,-179.24247699263952,-3.0117561691516626,-0.011111111111111112,132.17114786363,-183.2088093032735,131.1353718229324,-175.27614468200554
775.0,130.66097788692366,-179.36643759550884,-3.0228672802627736,-0.011111111111111112,131.13476448698992,-183.33827926627035,130.1871912868574,-175.39459592474734
776.0,129.66737987021682,-179.47936541835497,-3.0339783913738847,-0.011111111111111112,130.09700655842943,-183.4562261034652,129.2377531820042,-175.50250473324473
777.0,128.67258845832055,-179.5812465196148,-3.0450895024849958,-0.011111111111111112,129.05800219489333,-183.56263525366992,128.28717472174776,-175.5998577855597
778.0,127.67672646372587,-179.67206832150396,-3.056200613596107,-0.011111111111111112,128.01787966720556,-183.65749358008748,127.33557326024619,-175.68664306292044
779.0,126.67991683109318,-179.7518196115697,-3.067311724707218,-0.011111111111111112,126.97676738423364,-183.74078937193391,126.38306627795272,-175.76284985120546
780.0,125.68228262207398,-179.820490544075,-3.078422835818329,-0.011111111111111112,125.9347938770358,-183.8125123458839,125.42977136711217,-175.8284687422661
781.0,124.68394700011837,-179.8780726412142,-3.08953394692944,-0.011111111111111112,124.89208778299327,-183.8726536473404,124.47580621724346,-175.883491635088
782.0,123.68503321526963,-179.9245587941596,-3.100645058040551,-0.011111111111111112,123.84877782992903,-183.92120585152782,123.52128860061022,-175.92791173679137
783.0,122.68566458894853,-179.95994326393895,-3.111756169151662,-0.011111111111111112,122.80499282021589,-183.95816296440847,122.56633635768117,-175.96172356346943
784.0,121.68596449872847,-179.98422168214415,-3.1228672802627733,-0.011111111111111112,121.76086161487494,-183.9835204234228,121.611067382582,-175.98492294086552
785.0,120.68605636310399,-179.99739105147046,-3.1339783913738843,-0.011111111111111112,120.71651311766715,-183.99727509805248,120.65559960854083,-175.99750700488843
786.0,119.0,-180.0,3.141592653589793,0.0,119.0,-184.0,119.0,-176.0
787.0,118.0,-180.0,3.141592653589793,0.0,118.0,-184.0,118.0,-176.0
788.0,117.0,-180.0,3.141592653589793,0.0,117.0,-184.0,117.0,-176.0
789.0,116.0,-180.0,3.141592653589793,0.0,116.0,-184.0,116.0,-176.0
790.0,115.0,-180.0,3.141592653589793,0.0,115.0,-184.0,115.0,-176.0
791.0,114.0,-180.0,3.141592653589793,0.0,114.0,-184.0,114.0,-176.0
792.0,113.0,-180.0,3.141592653589793,0.0,113.0,-184.0,113.0,-176.0
793.0,112.0,-180.0,3.141592653589793,0.0,112.0,-184.0,112.0,-176.0
794.0,111.0,-180.0,3.141592653589793,0.0,111.0,-184.0,111.0,-176.0
795.0,110.0,-180.0,3.141592653589793,0.0,110.0,-184.0,110.0,-176.0
796.0,109.0,-180.0,3.141592653589793,0.0,109.0,-184.0,109.0,-176.0
797.0,108.0,-180.0,3.141592653589793,0.0,108.0,-184.0,108.0,-176.0
798.0,107.0,-180.0,3.141592653589793,0.0,107.0,-184.0,107.0,-176.0
799.0,106.0,-180.0,3.141592653589793,0.0,106.0,-184.0,106.0,-176.0
800.0,105.0,-180.0,3.141592653589793,0.0,105.0,-184.0,105.0,-176.0
801.0,104.0,-180.0,3.141592653589793,0.0,104.0,-184.0,104.0,-176.0
802.0,103.0,-180.0,3.141592653589793,0.0,103.0,-184.0,103.0,-176.0
803.0,102.0,-180.0,3.141592653589793,0.0,102.0,-184.0,102.0,-176.0
804.0,101.0,-180.0,3.141592653589793,0.0,101.0,-184.0,101.0,-176.0
805.0,100.0,-180.0,3.141592653589793,0.0,100.0,-184.0,100.0,-176.0
806.0,99.0,-180.0,3.141592653589793,0.0,99.0,-184.0,99.0,-176.0
807.0,98.0,-180.0,3.141592653589793,0.0,98.0,-184.0,98.0,-176.0
808.0,97.0,-180.0,3.141592653589793,0.0,97.0,-184.0,97.0,-176.0
809.0,96.0,-180.0,3.141592653589793,0.0,96.0,-184.0,96.0,-176.0
810.0,95.0,-180.0,3.141592653589793,0.0,95.0,-184.0,95.0,-176.0
811.0,94.0,-180.0,3.141592653589793,0.0,94.0,-184.0,94.0,-176.0
812.0,93.0,-180.0,3.141592653589793,0.0,93.0,-184.0,93.0,-176.0
813.0,92.0,-180.0,3.141592653589793,0.0,92.0,-184.0,92.0,-176.0
814.0,91.0,-180.0,3.141592653589793,0.0,91.0,-184.0,91.0,-176.0
815.0,90.0,-180.0,3.141592653589793,0.0,90.0,-184.0,90.0,-176.0
816.0,89.0,-180.0,3.141592653589793,0.0,89.0,-184.0,89.0,-176.0
817.0,88.0,-180.0,3.141592653589793,0.0,88.0,-184.0,88.0,-176.0
818.0,87.0,-180.0,3.141592653589793,0.0,87.0,-184.0,87.0,-176.0
819.0,86.0,-180.0,3.141592653589793,0.0,86.0,-184.0,86.0,-176.0
820.0,85.0,-180.0,3.141592653589793,0.0,85.0,-184.0,85.0,-176.0
821.0,84.0,-180.0,3.141592653589793,0.0,84.0,-184.0,84.0,-176.0
822.0,83.0,-180.0,3.141592653589793,0.0,83.0,-184.0,83.0,-176.0
823.0,82.0,-180.0,3.141592653589793,0.0,82.0,-184.0,82.0,-176.0
824.0,81.0,-180.0,3.141592653589793,0.0,81.0,-184.0,81.0,-176.0
825.0,80.0,-180.0,3.141592653589793,0.0,80.0,-184.0,80.0,-176.0
826.0,79.0,-180.0,3.141592653589793,0.0,79.0,-184.0,79.0,-176.0
827.0,78.0,-180.0,3.141592653589793,0.0,78.0,-184.0,78.0,-176.0
828.0,77.0,-180.0,3.141592653589793,0.0,77.0,-184.0,77.0,-176.0
829.0,76.0,-180.0,3.141592653589793,0.0,76.0,-184.0,76.0,-176.0
830.0,75.0,-180.0,3.141592653589793,0.0,75.0,-184.0,75.0,-176.0
831.0,74.0,-180.0,3.141592653589793,0.0,74.0,-184.0,74.0,-176.0
832.0,73.0,-180.0,3.141592653589793,0.0,73.0,-184.0,73.0,-176.0
833.0,72.0,-180.0,3.141592653589793,0.0,72.0,-184.0,72.0,-176.0
834.0,71.0,-180.0,3.141592653589793,0.0,71.0,-184.0,71.0,-176.0
835.0,70.0,-180.0,3.141592653589793,0.0,70.0,-184.0,70.0,-176.0
836.0,69.0,-180.0,3.141592653589793,0.0,69.0,-184.0,69.0,-176.0
837.0,68.0,-180.0,3.141592653589793,0.0,68.0,-184.0,68.0,-176.0
838.0,67.0,-180.0,3.141592653589793,0.0,67.0,-184.0,67.0,-176.0
839.0,66.0,-180.0,3.141592653589793,0.0,66.0,-184.0,66.0,-176.0
840.0,65.0,-180.0,3.141592653589793,0.0,65.0,-184.0,65.0,-176.0
841.0,64.0,-180.0,3.141592653589793,0.0,64.0,-184.0,64.0,-176.0
842.0,63.0,-180.0,3.141592653589793,0.0,63.0,-184.0,63.0,-176.0
843.0,61.99999999999999,-180.0,3.141592653589793,0.0,61.99999999999999,-184.0,61.99999999999999,-176.0
844.0,61.0,-180.0,3.141592653589793,0.0,61.0,-184.0,61.0,-176.0
845.0,60.0,-180.0,3.141592653589793,0.0,60.0,-184.0,60.0,-176.0
846.0,59.0,-180.0,3.141592653589793,0.0,59.0,-184.0,59.0,-176.0
847.0,58.0,-180.0,3.141592653589793,0.0,58.0,-184.0,58.0,-176.0
848.0,57.00000000000001,-180.0,3.141592653589793,0.0,57.00000000000001,-184.0,57.00000000000001,-176.0
849.0,56.0,-180.0,3.141592653589793,0.0,56.0,-184.0,56.0,-176.0
850.0,55.0,-180.0,3.141592653589793,0.0,55.0,-184.0,55.0,-176.0
851.0,54.0,-180.0,3.141592653589793,0.0,54.0,-184.0,54.0,-176.0
852.0,53.0,-180.0,3.141592653589793,0.0,53.0,-184.0,53.0,-176.0
853.0,52.0,-180.0,3.141592653589793,0.0,52.0,-184.0,52.0,-176.0
854.0,51.0,-180.0,3.141592653589793,0.0,51.0,-184.0,51.0,-176.0
855.0,50.0,-180.0,3.141592653589793,0.0,50.0,-184.0,50.0,-176.0
856.0,49.0,-180.0,3.141592653589793,0.0,49.0,-184.0,49.0,-176.0
857.0,48.0,-180.0,3.141592653589793,0.0,48.0,-184.0,48.0,-176.0
858.0,47.0,-180.0,3.141592653589793,0.0,47.0,-184.0,47.0,-176.0
859.0,46.0,-180.0,3.141592653589793,0.0,46.0,-184.0,46.0,-176.0
860.0,45.0,-180.0,3.141592653589793,0.0,45.0,-184.0,45.0,-176.0
861.0,44.0,-180.0,3.141592653589793,0.0,44.0,-184.0,44.0,-176.0
862.0,43.0,-180.0,3.141592653589793,0.0,43.0,-184.0,43.0,-176.0
863.0,42.0,-180.0,3.141592653589793,0.0,42.0,-184.0,42.0,-176.0
864.0,41.0,-180.0,3.141592653589793,0.0,41.0,-184.0,41.0,-176.0
865.0,40.0,-180.0,3.141592653589793,0.0,40.0,-184.0,40.0,-176.0
866.0,39.0,-180.0,3.141592653589793,0.0,39.0,-184.0,39.0,-176.0
867.0,38.0,-180.0,3.141592653589793,0.0,38.0,-184.0,38.0,-176.0
868.0,37.0,-180.0,3.141592653589793,0.0,37.0,-184.0,37.0,-176.0
869.0,36.0,-180.0,3.141592653589793,0.0,36.0,-184.0,36.0,-176.0
870.0,35.0,-180.0,3.141592653589793,0.0,35.0,-184.0,35.0,-176.0
871.0,34.0,-180.0,3.141592653589793,0.0,34.0,-184.0,34.0,-176.0
872.0,33.0,-180.0,3.141592653589793,0.0,33.0,-184.0,33.0,-176.0
873.0,32.0,-180.0,3.141592653589793,0.0,32.0,-184.0,32.0,-176.0
874.0,31.0,-180.0,3.141592653589793,0.0,31.0,-184.0,31.0,-176.0
875.0,29.000185401008412,-179.98332131659896,-3.1749395493231587,-0.03333333333333333,28.86682253820941,-183.9810974917776,29.133548263807416,-175.98554514142032
876.0,28.001482056307193,-179.9333309163277,-3.208272882656492,-0.03333333333333333,27.734958747548024,-183.9244417048035,28.26800536506636,-175.94222012785187
877.0,27.004999533535873,-179.85008433893256,-3.241606215989825,-0.03333333333333333,26.605611888407196,-183.83009558375568,27.40438717866455,-175.87007309410944
878.0,26.011844932982566,-179.73367407204645,-3.2749395493231583,-0.03333333333333333,25.480036674446783,-183.69816394795143,26.54365319151835,-175.76918419614148
879.0,25.02312165758637,-179.5842294484345,-3.3082728826564916,-0.03333333333333333,24.35948362899776,-183.52879337452458,25.686759686174977,-175.63966552234444
880.0,24.03992818704767,-179.4019165023041,-3.3416062159898248,-0.03333333333333333,23.24519769572057,-183.32217203557676,24.834658678374772,-175.48166096903142
881.0,23.063356857408095,-179.18693778483956,-3.3749395493231584,-0.03333333333333333,22.13841685546238,-183.07852948911696,23.98829685935381,-175.29534608056215
882.0,22.094492647456235,-178.9395321391662,-3.4082728826564916,-0.03333333333333333,21.040370750850276,-182.7981364240205,23.148614544062195,-175.0809278543119
883.0,21.134411973307216,-178.6599744349936,-3.4416062159898253,-0.03333333333333333,19.95227932014805,-182.48130435929153,22.31654462646638,-174.83864451069564
884.0,20.184181492495583,-178.348575263233,-3.4749395493231585,-0.03333333333333333,18.875351441894868,-182.12838529796284,21.493011543096298,-174.56876522850314
885.0,19.244856918909957,-178.0056805909284,-3.5082728826564917,-0.03333333333333333,17.810783591831157,-181.73977133601764,20.678930245988756,-174.27158984583915
886.0,18.31748184988625,-177.63167137688419,-3.541606215989825,-0.03333333333333333,16.75975851360429,-181.31589422676754,19.87520518616821,-173.94744852700083
887.0,17.403086606762386,-177.2269631484169,-3.574939549323158,-0.03333333333333333,15.723443904730578,-180.85722490117126,19.082729308794192,-173.59670139566254
888.0,16.50268709018284,-176.7920055397008,-3.608272882656492,-0.03333333333333333,14.702991119273758,-180.36427294462635,18.30238306109192,-173.21973813477524
889.0,15.617283651424678,-176.32728179222073,-3.641606215989825,-0.03333333333333333,13.699533888681177,-179.83758603081563,17.53503341416818,-172.81697755362583
890.0,14.747859980998998,-175.8333082178868,-3.6749395493231582,-0.03333333333333333,12.71418706219874,-179.27774931323717,16.781532899799256,-172.38886712253645
891.0,13.895382015762692,-175.31063362540763,-3.708272882656492,-0.03333333333333333,11.748045368264258,-178.68538477509412,16.042718663261127,-171.93588247572114
892.0,13.06079686575469,-174.75983871055928,-3.741606215989825,-0.03333333333333333,10.802182198255188,-178.06115053826596,15.31941153325419,-171.4585268828526
893.0,12.245031761948827,-174.18153541102754,-3.7749395493231583,-0.03333333333333333,9.877648413941877,-177.40574013213,14.612415109955776,-170.95733068992507
894.0,11.448993026092658,-173.57636622654007,-3.8082728826564916,-0.03333333333333333,8.975471179971555,-176.7198817230442,13.922514872213762,-170.43285073003594
895.0,10.673565063776522,-172.945003505044,-3.8416062159898248,-0.03333333333333333,8.096652822679932,-176.00433730534868,13.250477304873112,-169.88566970473934
896.0,9.919609381851608,-172.2881486957217,-3.8749395493231584,-0.03333333333333333,7.2421697164983625,-175.25990185478338,12.597049047204852,-169.31639553666002
897.0,9.187963631288824,-171.60653156967504,-3.9082728826564916,-0.03333333333333333,6.4129711991938745,-174.48740244526383,11.962956063383773,-168.72566069408626
898.0,8.091801286116514,-170.4942468024061,-3.9603145601905108,-0.03333333333333333,5.1707081246332605,-173.22686729232706,11.012894447599766,-167.76162631248516
899.0,7.420942761398944,-169.75272387582157,-3.9936478935238444,-0.03333333333333333,4.410401796620015,-172.38647464219792,10.431483726177873,-167.11897310944522
900.0,6.775169755192298,-168.98925505832378,-4.026981226857178,-0.03333333333333333,3.678525722919149,-171.52120998236708,9.871813787465447,-166.45730013428047
901.0,6.1551997266239304,-168.20468857005548,-4.060314560190511,-0.03333333333333333,2.975893023874999,-170.63203462899634,9.334506429372862,-165.77734251111463
902.0,5.5617214675005755,-167.39989607084553,-4.093647893523844,-0.03333333333333333,2.3032843302018633,-169.71993646322505,8.820158604799287,-165.079855678466
903.0,4.995394337054961,-166.5757716917874,-4.126981226857177,-0.03333333333333333,1.661446915696835,-168.78592883362583,8.329341758413086,-164.36561454994896
904.0,4.4568475293923235,-165.7332310418523,-4.1603145601905105,-0.03333333333333333,1.0510938670125123,-167.83104943036605,7.862601191772135,-163.63541265333853
905.0,3.9466793744505004,-164.87321019063998,-4.193647893523844,-0.03333333333333333,0.47290329141177967,-166.85635913232545,7.420455457489221,-162.8900612489545
906.0,3.4654566732504932,-163.9966646283978,-4.226981226857177,-0.03333333333333333,-0.07248243661489573,-165.86294082845097,7.003395783115883,-162.13038842834465
907.0,3.0137140681758403,-163.1045682044631,-4.260314560190511,-0.03333333333333333,-0.5844573890328362,-164.85189821465832,6.611885525384517,-161.3572381942679
908.0,2.5919534489805613,-162.19791204530867,-4.293647893523844,-0.03333333333333333,-1.0624527574541527,-163.8243545676166,6.246359655415276,-160.57146952300073
909.0,2.200643395185459,-161.27770345339292,-4.3269812268571775,-0.03333333333333333,-1.505937485088602,-162.78145149677877,5.9072242754595194,-159.77395541000706
910.0,1.840218655482456,-160.34496478803874,-4.360314560190511,-0.03333333333333333,-1.9144188567520053,-161.72434767604403,5.594856167716918,-158.96558190003344
911.0,1.511079664725191,-159.40073232958372,-4.393647893523845,-0.03333333333333333,-2.287443046276907,-160.65421755646167,5.309602375727289,-158.14724710270576
912.0,1.2135920990426108,-158.4460551280643,-4.426981226857178,-0.03333333333333333,-2.6245956207171637,-159.57225006140632,5.051779818802386,-157.31986019472228
913.0,0.9480864695697875,-157.48199383771242,-4.460314560190511,-0.03333333333333333,-2.9255020007863637,-158.4796472656742,4.821674939925939,-156.48434040975064
914.0,0.7148577552472979,-156.50961953855997,-4.493647893523844,-0.03333333333333333,-3.189827877018518,-157.3776230599681,4.619543387513113,-155.64161601715185
915.0,0.5141650750972282,-155.53001254646014,-4.526981226857178,-0.03333333333333333,-3.417279581188597,-156.26740180225497,4.445609731383053,-154.79262329066532
916.0,0.34623140033978217,-154.5442612128475,-4.560314560190511,-0.03333333333333333,-3.6076044125803692,-155.15021695749394,4.300067213259934,-153.93830546820104
917.0,0.21124330667041846,-153.55346071557057,-4.593647893523844,-0.03333333333333333,-3.760590918738981,-154.02730972724677,4.1830775320798175,-153.07961170389436
918.0,0.10935076697273871,-152.55871184214038,-4.626981226857177,-0.03333333333333333,-3.8760691303963517,-152.89992767069256,4.094770664341829,-152.2174960135882
919.0,0.04066698469734931,-151.5611197667463,-4.6603145601905105,-0.03333333333333333,-3.9539107503084594,-151.76932331857927,4.035244719703158,-151.3529162149133
920.0,0.0052682680919247105,-150.56179282239856,-4.693647893523844,-0.03333333333333333,-3.9940292957946073,-150.63675278165184,4.004565831978457,-150.48683286314528
921.0,0.0,-149.0,1.5707963267948966,0.0,-4.0,-149.0,4.0,-149.0
922.0,0.0,-148.0,1.5707963267948966,0.0,-4.0,-148.0,4.0,-148.0
923.0,0.0,-147.0,1.5707963267948966,0.0,-4.0,-147.0,4.0,-147.0
924.0,0.0,-146.0,1.5707963267948966,0.0,-4.0,-146.0,4.0,-146.0
925.0,0.0,-145.0,1.5707963267948966,0.0,-4.0,-145.0,4.0,-145.0
926.0,0.0,-144.0,1.5707963267948966,0.0,-4.0,-144.0,4.0,-144.0
927.0,0.0,-143.0,1.5707963267948966,0.0,-4.0,-143.0,4.0,-143.0
928.0,0.0,-142.0,1.5707963267948966,0.0,-4.0,-142.0,4.0,-142.0
929.0,0.0,-141.0,1.5707963267948966,0.0,-4.0,-141.0,4.0,-141.0
930.0,0.0,-140.0,1.5707963267948966,0.0,-4.0,-140.0,4.0,-140.0
931.0,0.0,-139.0,1.5707963267948966,0.0,-4.0,-139.0,4.0,-139.0
932.0,0.0,-138.0,1.5707963267948966,0.0,-4.0,-138.0,4.0,-138.0
933.0,0.0,-137.0,1.5707963267948966,0.0,-4.0,-137.0,4.0,-137.0
934.0,0.0,-136.0,1.5707963267948966,0.0,-4.0,-136.0,4.0,-136.0
935.0,0.0,-135.0,1.5707963267948966,0.0,-4.0,-135.0,4.0,-135.0
936.0,0.0,-134.0,1.5707963267948966,0.0,-4.0,-134.0,4.0,-134.0
937.0,0.0,-133.0,1.5707963267948966,0.0,-4.0,-133.0,4.0,-133.0
938.0,0.0,-132.0,1.5707963267948966,0.0,-4.0,-132.0,4.0,-132.0
939.0,0.0,-131.0,1.5707963267948966,0.0,-4.0,-131.0,4.0,-131.0
940.0,0.0,-130.0,1.5707963267948966,0.0,-4.0,-130.0,4.0,-130.0
941.0,0.0,-129.0,1.5707963267948966,0.0,-4.0,-129.0,4.0,-129.0
942.0,0.0,-128.0,1.5707963267948966,0.0,-4.0,-128.0,4.0,-128.0
943.0,0.0,-127.0,1.5707963267948966,0.0,-4.0,-127.0,4.0,-127.0
944.0,0.0,-126.0,1.5707963267948966,0.0,-4.0,-126.0,4.0,-126.0
945.0,0.0,-125.0,1.5707963267948966,0.0,-4.0,-125.0,4.0,-125.0
946.0,0.0,-124.0,1.5707963267948966,0.0,-4.0,-124.0,4.0,-124.0
947.0,0.0,-123.0,1.5707963267948966,0.0,-4.0,-123.0,4.0,-123.0
948.0,0.0,-122.0,1.5707963267948966,0.0,-4.0,-122.0,4.0,-122.0
949.0,0.0,-121.0,1.5707963267948966,0.0,-4.0,-121.0,4.0,-121.0
950.0,0.0,-120.0,1.5707963267948966,0.0,-4.0,-120.0,4.0,-120.0
951.0,0.0,-119.0,1.5707963267948966,0.0,-4.0,-119.0,4.0,-119.0
952.0,0.0,-118.0,1.5707963267948966,0.0,-4.0,-118.0,4.0,-118.0
953.0,0.0,-117.0,1.5707963267948966,0.0,-4.0,-117.0,4.0,-117.0
954.0,0.0,-116.0,1.5707963267948966,0.0,-4.0,-116.0,4.0,-116.0
955.0,0.0,-115.0,1.5707963267948966,0.0,-4.0,-115.0,4.0,-115.0
956.0,0.0,-114.0,1.5707963267948966,0.0,-4.0,-114.0,4.0,-114.0
957.0,0.0,-113.0,1.5707963267948966,0.0,-4.0,-113.0,4.0,-113.0
958.0,0.0,-112.0,1.5707963267948966,0.0,-4.0,-112.0,4.0,-112.0
959.0,0.0,-111.0,1.5707963267948966,0.0,-4.0,-111.0,4.0,-111.0
960.0,0.0,-110.0,1.5707963267948966,0.0,-4.0,-110.0,4.0,-110.0
961.0,0.0,-109.0,1.5707963267948966,0.0,-4.0,-109.0,4.0,-109.0
962.0,0.0,-108.0,1.5707963267948966,0.0,-4.0,-108.0,4.0,-108.0
963.0,0.0,-107.0,1.5707963267948966,0.0,-4.0,-107.0,4.0,-107.0
964.0,0.0,-106.0,1.5707963267948966,0.0,-4.0,-106.0,4.0,-106.0
965.0,0.0,-105.0,1.5707963267948966,0.0,-4.0,-105.0,4.0,-105.0
966.0,0.0,-104.0,1.5707963267948966,0.0,-4.0,-104.0,4.0,-104.0
967.0,0.0,-103.0,1.5707963267948966,0.0,-4.0,-103.0,4.0,-103.0
968.0,0.0,-102.0,1.5707963267948966,0.0,-4.0,-102.0,4.0,-102.0
969.0,0.0,-101.0,1.5707963267948966,0.0,-4.0,-101.0,4.0,-101.0
970.0,0.0,-100.0,1.5707963267948966,0.0,-4.0,-100.0,4.0,-100.0
971.0,0.0,-99.0,1.5707963267948966,0.0,-4.0,-99.0,4.0,-99.0
972.0,0.0,-98.0,1.5707963267948966,0.0,-4.0,-98.0,4.0,-98.0
973.0,0.0,-97.0,1.5707963267948966,0.0,-4.0,-97.0,4.0,-97.0
974.0,0.0,-96.0,1.5707963267948966,0.0,-4.0,-96.0,4.0,-96.0
975.0,0.0,-95.0,1.5707963267948966,0.0,-4.0,-95.0,4.0,-95.0
976.0,0.0,-94.0,1.5707963267948966,0.0,-4.0,-94.0,4.0,-94.0
977.0,0.0,-93.0,1.5707963267948966,0.0,-4.0,-93.0,4.0,-93.0
978.0,0.0,-92.0,1.5707963267948966,0.0,-4.0,-92.0,4.0,-92.0
979.0,0.0,-91.0,1.5707963267948966,0.0,-4.0,-91.0,4.0,-91.0
980.0,0.0,-90.0,1.5707963267948966,0.0,-4.0,-90.0,4.0,-90.0
981.0,0.0,-89.0,1.5707963267948966,0.0,-4.0,-89.0,4.0,-89.0
982.0,0.0,-88.0,1.5707963267948966,0.0,-4.0,-88.0,4.0,-88.0
983.0,0.0,-87.0,1.5707963267948966,0.0,-4.0,-87.0,4.0,-87.0
984.0,0.0,-86.0,1.5707963267948966,0.0,-4.0,-86.0,4.0,-86.0
985.0,0.0,-85.0,1.5707963267948966,0.0,-4.0,-85.0,4.0,-85.0
986.0,0.0,-84.0,1.5707963267948966,0.0,-4.0,-84.0,4.0,-84.0
987.0,0.0,-83.0,1.5707963267948966,0.0,-4.0,-83.0,4.0,-83.0
988.0,0.0,-82.0,1.5707963267948966,0.0,-4.0,-82.0,4.0,-82.0
989.0,0.0,-81.0,1.5707963267948966,0.0,-4.0,-81.0,4.0,-81.0
990.0,0.0,-80.0,1.5707963267948966,0.0,-4.0,-80.0,4.0,-80.0
991.0,0.0,-79.0,1.5707963267948966,0.0,-4.0,-79.0,4.0,-79.0
992.0,0.0,-78.0,1.5707963267948966,0.0,-4.0,-78.0,4.0,-78.0
993.0,0.0,-77.0,1.5707963267948966,0.0,-4.0,-77.0,4.0,-77.0
994.0,0.0,-76.0,1.5707963267948966,0.0,-4.0,-76.0,4.0,-76.0
995.0,0.0,-75.0,1.5707963267948966,0.0,-4.0,-75.0,4.0,-75.0
996.0,0.0,-74.0,1.5707963267948966,0.0,-4.0,-74.0,4.0,-74.0
997.0,0.0,-73.0,1.5707963267948966,0.0,-4.0,-73.0,4.0,-73.0
998.0,0.0,-72.0,1.5707963267948966,0.0,-4.0,-72.0,4.0,-72.0
999.0,0.0,-71.00000000000001,1.5707963267948966,0.0,-4.0,-71.00000000000001,4.0,-71.00000000000001
1000.0,0.0,-70.0,1.5707963267948966,0.0,-4.0,-70.0,4.0,-70.0
1001.0,0.0,-69.0,1.5707963267948966,0.0,-4.0,-69.0,4.0,-69.0
1002.0,0.0,-68.0,1.5707963267948966,0.0,-4.0,-68.0,4.0,-68.0
1003.0,0.0,-67.0,1.5707963267948966,0.0,-4.0,-67.0,4.0,-67.0
1004.0,0.0,-65.99999999999999,1.5707963267948966,0.0,-4.0,-65.99999999999999,4.0,-65.99999999999999
1005.0,0.0,-65.0,1.5707963267948966,0.0,-4.0,-65.0,4.0,-65.0
1006.0,0.0,-64.0,1.5707963267948966,0.0,-4.0,-64.0,4.0,-64.0
1007.0,0.0,-63.0,1.5707963267948966,0.0,-4.0,-63.0,4.0,-63.0
1008.0,0.0,-62.0,1.5707963267948966,0.0,-4.0,-62.0,4.0,-62.0
1009.0,0.0,-61.0,1.5707963267948966,0.0,-4.0,-61.0,4.0,-61.0
1010.0,0.0,-60.0,1.5707963267948966,0.0,-4.0,-60.0,4.0,-60.0
1011.0,0.0,-59.0,1.5707963267948966,0.0,-4.0,-59.0,4.0,-59.0
1012.0,0.0,-58.0,1.5707963267948966,0.0,-4.0,-58.0,4.0,-58.0
1013.0,0.0,-57.0,1.5707963267948966,0.0,-4.0,-57.0,4.0,-57.0
1014.0,0.0,-56.0,1.5707963267948966,0.0,-4.0,-56.0,4.0,-56.0
1015.0,0.0,-55.0,1.5707963267948966,0.0,-4.0,-55.0,4.0,-55.0
1016.0,0.0,-54.0,1.5707963267948966,0.0,-4.0,-54.0,4.0,-54.0
1017.0,0.0,-53.000000000000014,1.5707963267948966,0.0,-4.0,-53.000000000000014,4.0,-53.000000000000014
1018.0,0.0,-52.0,1.5707963267948966,0.0,-4.0,-52.0,4.0,-52.0
1019.0,0.0,-51.0,1.5707963267948966,0.0,-4.0,-51.0,4.0,-51.0
1020.0,0.0,-50.0,1.5707963267948966,0.0,-4.0,-50.0,4.0,-50.0
1021.0,0.0,-49.0,1.5707963267948966,0.0,-4.0,-49.0,4.0,-49.0
1022.0,0.0,-47.999999999999986,1.5707963267948966,0.0,-4.0,-47.999999999999986,4.0,-47.999999999999986
1023.0,0.0,-47.0,1.5707963267948966,0.0,-4.0,-47.0,4.0,-47.0
1024.0,0.0,-46.0,1.5707963267948966,0.0,-4.0,-46.0,4.0,-46.0
1025.0,0.0,-45.0,1.5707963267948966,0.0,-4.0,-45.0,4.0,-45.0
1026.0,0.0,-44.0,1.5707963267948966,0.0,-4.0,-44.0,4.0,-44.0
1027.0,0.0,-43.0,1.5707963267948966,0.0,-4.0,-43.0,4.0,-43.0
1028.0,0.0,-42.0,1.5707963267948966,0.0,-4.0,-42.0,4.0,-42.0
1029.0,0.0,-41.0,1.5707963267948966,0.0,-4.0,-41.0,4.0,-41.0
1030.0,0.0,-40.000000000000014,1.5707963267948966,0.0,-4.0,-40.000000000000014,4.0,-40.000000000000014
1031.0,0.0,-39.0,1.5707963267948966,0.0,-4.0,-39.0,4.0,-39.0
1032.0,0.0,-38.0,1.5707963267948966,0.0,-4.0,-38.0,4.0,-38.0
1033.0,0.0,-37.0,1.5707963267948966,0.0,-4.0,-37.0,4.0,-37.0
1034.0,0.0,-36.0,1.5707963267948966,0.0,-4.0,-36.0,4.0,-36.0
1035.0,0.0,-34.999999999999986,1.5707963267948966,0.0,-4.0,-34.999999999999986,4.0,-34.999999999999986
1036.0,0.0,-34.0,1.5707963267948966,0.0,-4.0,-34.0,4.0,-34.0
1037.0,0.0,-33.0,1.5707963267948966,0.0,-4.0,-33.0,4.0,-33.0
1038.0,0.0,-32.0,1.5707963267948966,0.0,-4.0,-32.0,4.0,-32.0
1039.0,0.0,-31.0,1.5707963267948966,0.0,-4.0,-31.0,4.0,-31.0
1040.0,0.0,-30.0,1.5707963267948966,0.0,-4.0,-30.0,4.0,-30.0
1041.0,0.0,-29.0,1.5707963267948966,0.0,-4.0,-29.0,4.0,-29.0
1042.0,0.0,-28.0,1.5707963267948966,0.0,-4.0,-28.0,4.0,-28.0
1043.0,0.0,-27.000000000000014,1.5707963267948966,0.0,-4.0,-27.000000000000014,4.0,-27.000000000000014
1044.0,0.0,-26.0,1.5707963267948966,0.0,-4.0,-26.0,4.0,-26.0
1045.0,0.0,-25.0,1.5707963267948966,0.0,-4.0,-25.0,4.0,-25.0
1046.0,0.0,-24.0,1.5707963267948966,0.0,-4.0,-24.0,4.0,-24.0
1047.0,0.0,-23.0,1.5707963267948966,0.0,-4.0,-23.0,4.0,-23.0
1048.0,0.0,-22.0,1.5707963267948966,0.0,-4.0,-22.0,4.0,-22.0
1049.0,0.0,-21.0,1.5707963267948966,0.0,-4.0,-21.0,4.0,-21.0
1050.0,0.0,-20.0,1.5707963267948966,0.0,-4.0,-20.0,4.0,-20.0
1051.0,0.0,-19.0,1.5707963267948966,0.0,-4.0,-19.0,4.0,-19.0
1052.0,0.0,-18.0,1.5707963267948966,0.0,-4.0,-18.0,4.0,-18.0
1053.0,0.0,-17.0,1.5707963267948966,0.0,-4.0,-17.0,4.0,-17.0
1054.0,0.0,-16.0,1.5707963267948966,0.0,-4.0,-16.0,4.0,-16.0
1055.0,0.0,-15.0,1.5707963267948966,0.0,-4.0,-15.0,4.0,-15.0
1056.0,0.0,-14.0,1.5707963267948966,0.0,-4.0,-14.0,4.0,-14.0
1057.0,0.0,-13.0,1.5707963267948966,0.0,-4.0,-13.0,4.0,-13.0
1058.0,0.0,-12.0,1.5707963267948966,0.0,-4.0,-12.0,4.0,-12.0
1059.0,0.0,-11.0,1.5707963267948966,0.0,-4.0,-11.0,4.0,-11.0
1060.0,0.0,-10.0,1.5707963267948966,0.0,-4.0,-10.0,4.0,-10.0
1061.0,0.0,-9.0,1.5707963267948966,0.0,-4.0,-9.0,4.0,-9.0
1062.0,0.0,-8.0,1.5707963267948966,0.0,-4.0,-8.0,4.0,-8.0
1063.0,0.0,-7.0,1.5707963267948966,0.0,-4.0,-7.0,4.0,-7.0
1064.0,0.0,-6.0,1.5707963267948966,0.0,-4.0,-6.0,4.0,-6.0
1065.0,0.0,-5.0,1.5707963267948966,0.0,-4.0,-5.0,4.0,-5.0
1066.0,0.0,-4.0,1.5707963267948966,0.0,-4.0,-3.9999999999999996,4.0,-4.0
1067.0,0.0,-3.0,1.5707963267948966,0.0,-4.0,-2.9999999999999996,4.0,-3.0000000000000004
1068.0,0.0,-2.0,1.5707963267948966,0.0,-4.0,-1.9999999999999998,4.0,-2.0000000000000004
1069.0,0.0,-1.0,1.5707963267948966,0.0,-4.0,-0.9999999999999998,4.0,-1.0000000000000002
